code_ISIN;code;nom_fond;societe_gestion;structure_fond;categorie_libelle;indice_benchmark;periodicite;type_investissement;affectation;frais_souscription;frais_rachat;frais_gestion;depositaire
MA0000030132;3013;BMCI TRESORERIE;CIH CAPITAL MANAGEMENT;SICAV;Monétaire;TMI (jj);Quotidienne;FGP;Capitalisant;0.0;0.0;0.0067;BMCI
MA0000030280;3028;CDG TAWFIR;CDG CAPITAL GESTION;SICAV;OMLT;MBI (Global);Quotidienne;FGP;Capitalisant;0.005;0.0;0.02;CDG Capital
MA0000030298;3029;SICAV OBLIGATIONS PÉRENNITÉ;CDG CAPITAL GESTION;SICAV;OMLT;MBI (MLT);Quotidienne;FNPP;Capitalisant;0.03;0.015;0.02;CDG Capital
MA0000030306;3030;CDG TRESORERIE;CDG CAPITAL GESTION;SICAV;Monétaire;MBI (CT) (50%)+TMP (50%);Quotidienne;FGP;Capitalisant;0.0;0.0;0.02;CDG Capital
MA0000030371;3037;CIMR TRESO PLUS;SOGECAPITAL GESTION;SICAV;OCT;MBI Court Terme;Quotidienne;FNPP;Capitalisant;0.03;0.015;0.02;SOCIETE GENERALE
MA0000030413;3041;BMCI CASH;CIH CAPITAL MANAGEMENT;SICAV;OCT;MBI (CT);Quotidienne;FGP;Capitalisant;0.0;0.0;0.0067;BMCI
MA0000030470;3047;CFG CROISSANCE;CFG GESTION;SICAV;Diversifié;CFG 25 flottant (50%)+Bonds (CT) (50%);Quotidienne;FGP;Capitalisant;0.002;0.002;0.015;CFG BANK
MA0000030488;3048;IRAD;BMCE CAPITAL GESTION;SICAV;Monétaire;-;Quotidienne;FGP;Capitalisant;0.0;0.0;0.015;BMCE BANK
MA0000030512;3051;HORIZON EXPANSION;UPLINE CAPITAL MANAGEMENT;SICAV;Diversifié;40% TMP + 60% MASI;Quotidienne;FGP;Capitalisant;0.03;0.015;0.02;BCP
MA0000030553;3055;ATTIJARI TRESORERIE;WAFA GESTION;SICAV;Monétaire;TMP;Quotidienne;FGP;Capitalisant;0.0;0.0;0.005;ATTIJARIWAFA BANK
MA0000030579;3057;CDM OPTIMUM;WAFA GESTION;SICAV;Diversifié;MBI (MLT) (50%)+Masi Rentabilite (50%);Quotidienne;FGP;Capitalisant;0.015;0.005;0.02;Credit du Maroc
MA0000030587;3058;CDM GENERATION;WAFA GESTION;SICAV;OMLT;MBI (MT) (65%)+MBI (MLT) (35%);Quotidienne;FGP;Capitalisant;0.01;0.005;0.02;Credit du Maroc
MA0000030595;3059;CDM TRESOR PLUS;WAFA GESTION;SICAV;OCT;MBI (CT);Quotidienne;FGP;Capitalisant;0.01;0.005;0.02;Credit du Maroc
MA0000030603;3060;CDM CASH;WAFA GESTION;SICAV;Monétaire;TMP (40%)+MBI (CT) (60%);Quotidienne;FGP;Capitalisant;0.0;0.0;0.01;Credit du Maroc
MA0000030736;3073;BMCI TRESO PLUS;CIH CAPITAL MANAGEMENT;SICAV;Monétaire;MBI (CT);Quotidienne;FGP;Capitalisant;0.0;0.0;0.02;BMCI
MA0000030777;3077;SG VALEURS;SOGECAPITAL GESTION;SICAV;Monétaire;TMP;Quotidienne;FGP;Capitalisant;0.0;0.0;0.02;SOCIETE GENERALE
MA0000035677;3567;CDG HORIZONS;CDG CAPITAL GESTION;FCP;OMLT;MBI (MLT) (50%)+MBI (LT) (50%);Quotidienne;FGP;Capitalisant;0.03;0.015;0.02;CDG Capital
MA0000035735;3573;STAFF ACTION;CFG GESTION;FCP;Actions;-;Quotidienne;FNPP;Capitalisant;0.003;0.003;0.02;CFG BANK
MA0000035743;3574;CFG PERFORMANCE;CFG GESTION;FCP;Actions;CFG 25 Flottant;Quotidienne;FGP;Capitalisant;0.0045;0.00454;0.02;CFG BANK
MA0000035784;3578;CFG VALEURS;CFG GESTION;FCP;Actions;CFG 25 Flottant;Quotidienne;FGP;Capitalisant;0.003;0.003;0.02;CFG BANK
MA0000035792;3579;CFG RENDEMENT;CFG GESTION;FCP;OMLT;CFG Bonds CT;Quotidienne;FGP;Capitalisant;0.03;0.015;0.01;CFG BANK
MA0000035826;3582;CFG LIQUIDITE;CFG GESTION;FCP;OCT;MBI CT;Quotidienne;FGP;Capitalisant;0.005;0.005;0.01;CFG BANK
MA0000035834;3583;CFG SECURITE;CFG GESTION;FCP;Monétaire;TMP interbancaire;Quotidienne;FGP;Capitalisant;0.0;0.0;0.006;CFG BANK
MA0000035925;3592;FCP CAPITAL DYNAMIQUE;BMCE CAPITAL GESTION;FCP;OCT;MBI CT;Quotidienne;FGP;Capitalisant;0.0;0.0;0.01;BMCE
MA0000035974;3597;EMERGENCE MONEY MARKET FUND;VALORIS MANAGEMENT;FCP;Monétaire;MBI Court Terme;Quotidienne;FGP;Capitalisant;0.0;0.0;0.0065;BMCE BANK
MA0000036006;3600;UPLINE TRESORERIE;UPLINE CAPITAL MANAGEMENT;FCP;Monétaire;100% TMP;Quotidienne;FGP;Capitalisant;0.03;0.015;0.02;BCP
MA0000036014;3601;UPLINE CASH;UPLINE CAPITAL MANAGEMENT;FCP;Monétaire;100% MONIA;Quotidienne;FNPP;Capitalisant;0.03;0.015;0.02;BCP
MA0000036048;3604;ATTIJARI MONETAIRE PLUS;WAFA GESTION;FCP;OCT;MBI (CT);Quotidienne;FGP;Capitalisant;0.0;0.0;0.02;ATTIJARIWAFA BANK
MA0000036063;3606;ATTIJARI ACTIONS;WAFA GESTION;FCP;Actions;100% MASI;Quotidienne;FGP;Capitalisant;0.03;0.015;0.02;ATTIJARIWAFA BANK
MA0000036147;3614;CDM SECURITE PLUS ;WAFA GESTION;FCP;Monétaire;TMP ;Quotidienne;FGP;Capitalisant;0.0;0.0;0.01;Credit du Maroc
MA0000036154;3615;FCP CDM LIQUIDITES;WAFA GESTION;FCP;OCT;MBI (CT) (80%)+MBI (MT) (20%);Quotidienne;FGP;Capitalisant;0.0;0.0;0.01;Credit du Maroc
MA0000036196;3619;FCP CAM LIQUIDITE;MAROGEST;FCP;Monétaire;-;Quotidienne;FGP;Capitalisant;0.0;0.0;0.0065;CIH
MA0000036220;3622;FCP CAPITAL PROTECTION;BMCE CAPITAL GESTION;FCP;Actions;Masi;Quotidienne;FNPP;Capitalisant;0.02;0.01;0.02;BMCE
MA0000036238;3623;FCP CAPITAL MONETAIRE;BMCE CAPITAL GESTION;FCP;Monétaire;TMP;Quotidienne;FGP;Capitalisant;0.01;0.005;0.01;BMCE BANK
MA0000036246;3624;CDG MONETAIRE PLUS;CDG CAPITAL GESTION;FCP;OCT;MBI (CT) (85%)+MBI (MT) (15%);Quotidienne;FGP;Capitalisant;0.0;0.0;0.006;CDG Capital
MA0000036261;3626;FCP CAPITAL IMTIYAZ LIQUIDITE;BMCE CAPITAL GESTION;FCP;OCT;Taux Repo au jour le jour;Quotidienne;FGP;Capitalisant;0.01;0.005;0.008;BMCE BANK
MA0000036287;3628;EMERGENCE BOND FUND;VALORIS MANAGEMENT;FCP;OCT;MBI Court Terme;Quotidienne;FGP;Capitalisant;0.0;0.0;0.008;BMCE BANK
MA0000036303;3630;FCP CAPITAL ACTIONS;BMCE CAPITAL GESTION;FCP;Actions;Masi;Quotidienne;FGP;Capitalisant;0.01;0.005;0.01;BMCE BANK
MA0000036311;3631;FCP CAPITAL SELECTION;BMCE CAPITAL GESTION;FCP;Actions;Madex;Quotidienne;FGP;Capitalisant;0.01;0.005;0.01;BMCE BANK
MA0000036329;3632;FCP CAPITAL TERME;BMCE CAPITAL GESTION;FCP;Diversifié;80% MBI Global + 20% MASI.;Quotidienne;FGP;Capitalisant;0.02;0.02;0.02;BMCE BANK
MA0000036345;3634;CFG INSTIBONDS;CFG GESTION;FCP;OMLT;MBI (Global) ;Quotidienne;FGP;Capitalisant;0.03;0.015;0.02;CFG BANK
MA0000036352;3635;FCP CAM TRESO PLUS;MAROGEST;FCP;OCT;85% MBI CT et 15 % MBI MT;Quotidienne;FGP;Capitalisant;0.03;0.015;0.02;CIH
MA0000036402;3640;FCP UPLINE EQUILIBRE;UPLINE CAPITAL MANAGEMENT;FCP;Diversifié;75% MBI Global + 25% MASI 20;Quotidienne;FGP;Mixte;0.03;0.03;0.02;BCP
MA0000036477;3647;INSTIMONETAIRE ;CIH CAPITAL MANAGEMENT;FCP;Monétaire;Masi (60%)+MBI (MT) (40%);Quotidienne;FGP;Capitalisant;0.0125;0.005;0.0195;BMCI
MA0000036576;3657;UPLINE VALEURS PLUS;UPLINE CAPITAL MANAGEMENT;FCP;Actions;MASI;Quotidienne;FGP;Mixte;0.03;0.03;0.02;BCP
MA0000036584;3658;SG NOVA;SOGECAPITAL GESTION;FCP;Monétaire;TMP;Quotidienne;FNPP;Capitalisant;0.03;0.015;0.02;SOCIETE GENERALE
MA0000036600;3660;ALIF I;UPLINE CAPITAL MANAGEMENT;FCP;OMLT;50 % MBI MT + 50% MBI MLT;Quotidienne;FNPP;Capitalisant;0.03;0.03;0.02;BCP
MA0000036618;3661;UPLINE PERENNITE;UPLINE CAPITAL MANAGEMENT;FCP;Monétaire;50% TMP +  50% MBI CT;Quotidienne;FGP;Mixte;0.03;0.03;0.02;BCP
MA0000036659;3665;ATTIJARI LIQUIDITE;WAFA GESTION;FCP;Monétaire;TMP ;Quotidienne;FGP;Capitalisant;0.03;0.03;0.02;ATTIJARIWAFA BANK
MA0000036774;3677;AFRICAPITAL LIQUIDITY ;AFRICAPITAL MANAGEMENT;FCP;Monétaire;Repo jj capitalisé;Quotidienne;FGP;Capitalisant;0.03;0.03;0.02;ATTIJARIWAFA BANK
MA0000036873;3687;AFRICAPITAL CASH ;AFRICAPITAL MANAGEMENT;FCP;OCT;MBI CT;Quotidienne;FGP;Capitalisant;0.02;0.02;0.02;ATTIJARIWAFA BANK
MA0000036907;3690;FCP IRGAM MONETAIRE;IRG ASSET MANAGEMENT;FCP;Monétaire;TMP (80%)+MBI (CT) (20%);Quotidienne;FGP;Capitalisant;0.03;0.015;0.02;ATTIJARIWAFA BANK
MA0000036915;3691;FCP IRGAM OBLIGATAIRE;IRG ASSET MANAGEMENT;FCP;OMLT;MBI (MLT);Quotidienne;FGP;Capitalisant;0.03;0.015;0.02;ATTIJARIWAFA BANK
MA0000036923;3692;FCP IRGAM ACTIONS;IRG ASSET MANAGEMENT;FCP;Actions;Masi;Quotidienne;FGP;Capitalisant;0.03;0.015;0.02;ATTIJARIWAFA BANK
MA0000036972;3697;FCP CFG PREVOYANCE;CFG GESTION;FCP;OMLT;MBI Global;Quotidienne;FGP;Capitalisant;0.03;0.015;0.02;CFG BANK
MA0000037046;3704;AXA MONETAIRE;CIH CAPITAL MANAGEMENT;FCP;Monétaire;Taux monetaire interbancaire;Quotidienne;FNPP;Capitalisant;0.0;0.0;0.02;BMCI
MA0000037095;3709;AD CASH;AD CAPITAL ASSET MANAGEMENT;FCP;Monétaire;MBI a court terme;Quotidienne;FGP;Capitalisant;0.0;0.0;0.006;ATTIJARIWAFA BANK
MA0000037186;3718;ALIF II;WAFA GESTION;FCP;OMLT;50% MBI Moyen long terme + 50% MBI Moyen Terme;Quotidienne;FNPP;Capitalisant;0.03;0.015;0.02;ATTIJARIWAFA BANK
MA0000037202;3720;ATLAS EQUILIBRE;ATLAS CAPITAL MANAGEMENT;FCP;OCT;MBI CT;Quotidienne;FGP;Capitalisant;0.005;0.005;0.0075;ATTIJARIWAFA BANK
MA0000037251;3725;FCP MAROGEST CASH;MAROGEST;FCP;Monétaire;100% TMP;Quotidienne;FGP;Capitalisant;0.0;0.0;0.02;ATTIJARIWAFA BANK
MA0000037327;3732;CAPITAL TRUST MONETAIRE;CAPITAL TRUST GESTION;FCP;Monétaire;Taux Repo au jour le jour;Quotidienne;FGP;Capitalisant;0.0;0.0;0.02;BMCI
MA0000037335;3733;CMR ACTIONS;WAFA GESTION;FCP;Actions;MASI ;Quotidienne;FNPP;Mixte;0.03;0.015;0.0004;ATTIJARIWAFA BANK
MA0000037350;3735;FCP UPLINE CAPITAL GARANTI;UPLINE CAPITAL MANAGEMENT;FCP;Contractuel;TMP interbancaire;Quotidienne;FGP;Capitalisant;0.0;0.0;0.02;BCP
MA0000037368;3736;FCP UPLINE HORIZON;UPLINE CAPITAL MANAGEMENT;FCP;OMLT;MBI;Quotidienne;FGP;Capitalisant;0.03;0.03;0.02;BCP
MA0000037376;3737;FCP UPLINE OBLIG PLUS;UPLINE CAPITAL MANAGEMENT;FCP;OMLT;50%MBI CT + 50% MBI MLT ;Quotidienne;FGP;Capitalisant;0.03;0.03;0.02;BCP
MA0000037384;3738;FCP UPLINE OPPORTUNITES;UPLINE CAPITAL MANAGEMENT;FCP;Diversifié;80% MBI + 20% MASI;Quotidienne;FGP;Capitalisant;0.03;0.03;0.02;BCP
MA0000037392;3739;FCP CAPITAL  OBLIGATIONS BANQUES         ;BMCE CAPITAL GESTION;FCP;OCT;90% MBI CT;Quotidienne;FGP;Capitalisant;0.01;0.005;0.01;BMCE
MA0000037400;3740;CFG TRADER;CFG GESTION;FCP;Actions;-;Quotidienne;FGP;Capitalisant;0.002;0.002;0.02;CFG BANK
MA0000037442;3744;FCP CAPITAL IMTIYAZ TRESORERIE;BMCE CAPITAL GESTION;FCP;Monétaire;MONIA ( Morrocan Overnight Index Average) capitalisé;Quotidienne;FGP;Capitalisant;0.0025;0.0025;0.005;BMCE BANK
MA0000037459;3745;SECURITE TRESO PLUS;SOGECAPITAL GESTION;FCP;OCT;MBI (CT);Quotidienne;FNPP;Distribuant;0.03;0.015;0.02;SOCIETE GENERALE
MA0000037483;3748;CAPITAL TRUST OBLIG COURT TERME;CAPITAL TRUST GESTION;FCP;OCT;MBI (CT);Quotidienne;FGP;Capitalisant;0.02;0.015;0.02;BMCI
MA0000037517;3751;FCP CFG TRESOCORP;CFG GESTION;FCP;Monétaire;CFG Bonds Monétaire;Quotidienne;FGP;Capitalisant;0.005;0.005;0.004;CFG BANK
MA0000037558;3755;FCP CIMR MONETAIRE PLUS;UPLINE CAPITAL MANAGEMENT;FCP;OCT;100% MBI CT;Quotidienne;FNPP;Capitalisant;0.03;0.03;0.02;BCP
MA0000037566;3756;CIMR MONETAIRE;CIH CAPITAL MANAGEMENT;FCP;Monétaire;Taux monétaire interbancaire au jour le jour;Quotidienne;FNPP;Capitalisant;0.03;0.015;0.02;BMCI
MA0000037616;3761;FCP EMERGENCE BANCAIRES;VALORIS MANAGEMENT;FCP;OCT;MBI (CT);Quotidienne;FGP;Capitalisant;0.0;0.0;0.02;BMCE BANK
MA0000037624;3762;AD YIELD FUND ;AD CAPITAL ASSET MANAGEMENT;FCP;OCT;MBI (CT);Quotidienne;FGP;Capitalisant ;0.03;0.03;0.02;BMCE BANK
MA0000037632;3763;AD FIXED INCOME FUND ;AD CAPITAL ASSET MANAGEMENT;FCP;Monétaire;MBI CT;Quotidienne;FGP;Capitalisant ;0.03;0.03;0.02;BMCE BANK
MA0000037673;3767;FCP CAPITAL MONETAIRE PLUS;BMCE CAPITAL GESTION;FCP;Monétaire;MONIA ( Morrocan Overnight Index Average) capitalisé;Quotidienne;FGP;Capitalisant;0.01;0.005;0.004;BMCE BANK
MA0000037715;3771;FCP CAPITAL RENDEMENT;BMCE CAPITAL GESTION;FCP;OCT;Taux Repo au jour le jour;Quotidienne;FGP;Capitalisant;0.03;0.015;0.01;BMCE
MA0000037798;3779;CDM OBLIG PLUS;WAFA GESTION;FCP;OCT;MBI CT;Quotidienne;FGP;Capitalisant;0.03;0.015;0.01;CREDIT DU MAROC
MA0000037814;3781;FCP CFG CASH SECURE;CFG GESTION;FCP;Monétaire;CFG Bonds monétaire;Quotidienne;FGP;Capitalisant;0.005;0.005;0.006;CFG BANK
MA0000037889;3788;FCP IRGAM OBLIBANQUES;IRG ASSET MANAGEMENT;FCP;OCT;MBI CT;Quotidienne;FGP;Capitalisant;0.03;0.015;0.02;BMCE BANK
MA0000037954;3795;CAPITAL TRUST TRESORERIE;CAPITAL TRUST GESTION;FCP;Monétaire;Taux Repo au jour le jour;Quotidienne;FGP;Capitalisant;0.02;0.015;0.02;ATTIJARIWAFA BANK
MA0000037962;3796;CAPITAL TRUST CASH PLUS;CAPITAL TRUST GESTION;FCP;OCT;MBI CT;Quotidienne;FGP;Capitalisant;0.02;0.015;0.02;ATTIJARIWAFA BANK
MA0000038002;3800;CFG LIQUID BONDS;CFG GESTION;FCP;OCT;CFG BONDS CT;Quotidienne;FGP;Capitalisant;0.005;0.005;0.01;CFG BANK
MA0000038051;3805;CAPITAL TRUST OBLIG PLUS;CAPITAL TRUST GESTION;FCP;OMLT;70% MBI MT + 30% MBI MLT;Quotidienne;FGP;Capitalisant;0.03;0.015;0.02;ATTIJARIWAFA BANK
MA0000038077;3807;CAPITAL TRUST EQUILIBRE;CAPITAL TRUST GESTION;FCP;Diversifié;70% MBI Global et 30% MASI;Quotidienne;FGP;Capitalisant;0.03;0.015;0.02;ATTIJARIWAFA BANK
MA0000038101;3810;FCP ALIF IV;VALORIS MANAGEMENT;FCP;OMLT;50 % MBI MT + 50% MBI MLT;Quotidienne;FNPP;Capitalisant;0.03;0.015;0.02;CDG Capital
MA0000038119;3811;FCP EMERGENCE TRESOR PLUS;VALORIS MANAGEMENT;FCP;OCT;MBI CT;Quotidienne;FNPP;Capitalisant;0.03;0.015;0.02;BCP
MA0000038127;3812;FCP EMERGENCE TRESOR;VALORIS MANAGEMENT;FCP;Monétaire;TMP au jour le jour;Quotidienne;FGP;Capitalisant;0.0;0.0;0.02;BCP
MA0000038143;3814;CFG Profil Equilibre;CFG GESTION;FCP;Diversifié;25% CFG 25f  et 75% MBI MT;Quotidienne;FGP;Capitalisant;0.002;0.001;0.02;CFG BANK
MA0000038150;3815;CFG Profil Offensif;CFG GESTION;FCP;Actions;80% CFG 25f  et 20% MBI Global;Quotidienne;FGP;Capitalisant;0.0025;0.0025;0.02;CFG BANK
MA0000038168;3816;CFG Profil Prudent;CFG GESTION;FCP;OMLT;5% CFG 25f  et 95% MBI MT;Quotidienne;FGP;Capitalisant;0.0;0.0;0.02;CFG BANK
MA0000038176;3817;CFG Profil Conservateur;CFG GESTION;FCP;OMLT;50% MBI CT et 50% MBI MT ;Quotidienne;FGP;Capitalisant;0.0;0.0;0.02;CFG BANK
MA0000038184;3818;CFG Profil Dynamique ;CFG GESTION;FCP;Diversifié;40% CFG 25 et 60% MBI Global;Quotidienne;FGP;Capitalisant;0.002;0.002;0.02;CFG BANK
MA0000038200;3820;FCP EMERGENCE OBLIRENDEMENT;VALORIS MANAGEMENT;FCP;OMLT;MBI Global;Quotidienne;FGP;Capitalisant;0.03;0.015;0.02;BCP
MA0000038218;3821;FCP CMR EQUITIES;VALORIS MANAGEMENT;FCP;Actions;MASI;Quotidienne;FNPP;Capitalisant;0.0;0.0;0.02;BCP
MA0000038234;3823;ALIF III;BMCE CAPITAL GESTION;FCP;OMLT;50 MBI MT + 50% MBI MLT;Quotidienne;FNPP;Capitalisant;0.03;0.03;0.02;BMCE BANK
MA0000038259;3825;CAPITAL TRUST CROISSANCE;CAPITAL TRUST GESTION;FCP;Diversifié;75% MBI Global et 25% (MASI);Quotidienne;FGP;Capitalisant ;0.03;0.015;0.02;BMCI
MA0000038267;3826;CAPITAL TRUST OBLIG PREMIUM;CAPITAL TRUST GESTION;FCP;OMLT;90% MBI MT et 10%  MBI MLT;Quotidienne;FGP;Capitalisant ;0.03;0.015;0.02;BMCI
MA0000038283;3828;CAPITAL TRUST OPPORTUNITÉ;CAPITAL TRUST GESTION;FCP;OMLT;50% MBI MT et 50% MBI MLT;Quotidienne;FGP;Capitalisant ;0.03;0.015;0.02;BMCI
MA0000038309;3830;CFG SECURE BONDS;CFG GESTION;FCP;OMLT;MBI Global;Quotidienne;FGP;Capitalisant;0.0;0.0;0.02;CFG BANK
MA0000038317;3831;CFG SOVEREIGN BONDS;CFG GESTION;FCP;OMLT;MBI Global;Quotidienne;FGP;Capitalisant;0.0;0.0;0.02;CFG BANK
MA0000038333;3833;IRGAM SECURIFINANCE;IRG ASSET MANAGEMENT;FCP;OMLT;MBI MT;Quotidienne;FGP;Capitalisant;0.03;0.015;0.02;ATTIJARIWAFA BANK
MA0000038358;3835;IRGAM BALANCE;IRG ASSET MANAGEMENT;FCP;Diversifié;50% MASI + 50% MBI Global;Quotidienne;FGP;Capitalisant;0.03;0.015;0.02;ATTIJARIWAFA BANK
MA0000038382;3838;FCP CAPITAL OBLIGATIONS BANQUES PLUS;BMCE CAPITAL GESTION;FCP;OCT;90% MBI CT + 10% MBI MT;Quotidienne;FGP;Capitalisant;0.01;0.01;0.01;BMCE BANK
MA0000038390;3839;FCP CAPITAL DIVERSIFIES;BMCE CAPITAL GESTION;FCP;Diversifié;75% MBI + 25% MASI.;Quotidienne;FGP;Capitalisant;0.03;0.03;0.02;BMCE BANK
MA0000038416;3841;FCP ALPHA GLOBAL;RED MED ASSET MANAGEMENT;FCP;OCT;100% MBI Court Terme;Quotidienne;FGP;Capitalisant;0.02;0.02;0.02;BMCE BANK
MA0000038432;3843;FCP AFRICAPITAL CASH PLUS;AFRICAPITAL MANAGEMENT;FCP;OCT;MBI CT;Quotidienne;FGP;Capitalisant;0.03;0.03;0.02;BCP
MA0000038440;3844;FCP ALPHA MONETAIRE PROTECTION;RED MED ASSET MANAGEMENT;FCP;Monétaire;100 % MBI Monétaire;Quotidienne;FGP;Capitalisant;0.02;0.02;0.02;BCP
MA0000038507;3850;UPLINE HORIZON DYNAMIQUE;UPLINE CAPITAL MANAGEMENT;FCP;OCT;75% MBI CT + 25% MBI MT;Quotidienne;FGP;Mixte;0.03;0.03;0.02;BCP
MA0000038523;3852;CAPITAL TRUST SERENITÉ;CAPITAL TRUST GESTION;FCP;OMLT;50% MBI MT + 50% MBI MLT;Quotidienne;FGP;Capitalisant ;0.03;0.015;0.02;CIH
MA0000038531;3853;CAPITAL TRUST SECURIPLUS;CAPITAL TRUST GESTION;FCP;OCT;MBI CT;Quotidienne;FGP;Capitalisant ;0.02;0.015;0.02;CIH
MA0000038556;3855;UPLINE PATRIMOINE;UPLINE CAPITAL MANAGEMENT;FCP;Diversifié;60% MBI + 40% MASI;Quotidienne;FGP;Mixte;0.03;0.03;0.02;BCP
MA0000038606;3860;TWIN CASH;TWIN CAPITAL GESTION;FCP;Monétaire;MONIA;Quotidienne;FGP;Capitalisant;0.0;0.0;0.006;CFG Bank
MA0000038655;3865;TWIN TREASURY;TWIN CAPITAL GESTION;FCP;OCT;MBI CT;Quotidienne;FGP;Capitalisant;0.0;0.0;0.008;CIH
MA0000038739;3873;ALIFV;SOGECAPITAL GESTION;FCP;OMLT;50% MBI MT + 50% MBI MLT;Quotidienne;FNPP;Capitalisant;0.03;0.02;0.02;SOCIETE GENERALE
MA0000038754;3875;FCP EMERGENCE OBLIG COURT TERME;VALORIS MANAGEMENT;FCP;OCT;MBI CT;Quotidienne;FGP;Capitalisant;0.03;0.015;0.02;ATTIJARIWAFA BANK
MA0000038762;3876;FCP EMERGENCE TRESORERIE;VALORIS MANAGEMENT;FCP;Monétaire;MONIA;Quotidienne;FGP;Capitalisant;0.03;0.015;0.02;CDG Capital
MA0000038770;3877;FCP EMERGENCE OBLIHORIZON;VALORIS MANAGEMENT;FCP;OMLT;50% MBI MT + 50% MBI MLT;Quotidienne;FNPP;Capitalisant;0.03;0.015;0.02;CIH
MA0000038812;3881;FCP SERENITE CT;CDG CAPITAL GESTION;FCP;OCT;80% MBI CT+20% MBI MT;Quotidienne;FGP;Capitalisant;0.03;0.015;0.02;CDG Capital
MA0000038820;3882;DAILY EQUITY FUND;CDG CAPITAL GESTION;FCP;Actions;100% MASI RENTABILITE BRUT;Quotidienne;FGP;Capitalisant;0.03;0.015;0.02;CDG Capital
MA0000038846;3884;R-MIXT SELECTION;UPLINE CAPITAL MANAGEMENT;FCP;Diversifié;45% MBI MLT + 30%  MBI MT  + 25% MASI Rentabilité;Quotidienne;FNPP;Capitalisant;0.03;0.015;0.02;CDG
MA0000038853;3885;R-MIXT COUVERTURE;IRG ASSET MANAGEMENT;FCP;Diversifié;45% MBI MLT + 30%  MBI MT  + 25% MASI Rentabilité;Quotidienne;FNPP;Capitalisant;0.03;0.015;0.02;CDG
MA0000038861;3886;R-MIXT PERFORMANCE;BMCE CAPITAL GESTION;FCP;Diversifié;45% MBI MLT + 30% MBI MT + 25% MASI Rentabilité;Quotidienne;FNPP;Capitalisant;0.03;0.015;0.02;CDG
MA0000038879;3887;R-MIXT CROISSANCE;CFG GESTION;FCP;Diversifié;45% MBI MLT + 30% MBI  MT + 25% MASI Rentabilité.;Quotidienne;FNPP;Capitalisant;0.03;0.015;0.02;CDG
MA0000038895;3889;CFG INSTICASH;CFG GESTION;FCP;Monétaire;TMP interbancaire;Quotidienne;FGP;Capitalisant;0.005;0.005;0.02;CFG BANK
MA0000038903;3890;CAPITAL TRUST BONDS;CAPITAL TRUST GESTION;FCP;OMLT;50% MBI MT + 50% MBI MLT;Quotidienne;FNPP;Capitalisant;0.0;0.0;0.02;BCP
MA0000038929;3892;FCP OCT DYNAMIQUE;CDG CAPITAL GESTION;FCP;OCT;90% MBI CT +10% MBI MT;Quotidienne;FGP;Capitalisant;0.03;0.015;0.02;ATTIJARIWAFA BANK
MA0000038945;3894;FCP MONETAIRE DYNAMIQUE;CDG CAPITAL GESTION;FCP;Monétaire;50% MONIA + 50% MBI CT;Quotidienne;FGP;Capitalisant;0.03;0.015;0.02;ATTIJARIWAFA BANK
MA0000038952;3895;AFG CASH MANAGEMENT;AFG ASSET MANAGEMENT;FCP;Monétaire;MONIA;Quotidienne;FGP;Mixte;0.03;0.015;0.02;SOCIETE GENERALE
MA0000038960;3896;AFG LIQUIDITY FUND;AFG ASSET MANAGEMENT;FCP;OCT;MBI CT;Quotidienne;FGP;Mixte;0.03;0.015;0.02;SOCIETE GENERALE
MA0000038978;3897;AFG INCOME FUND;AFG ASSET MANAGEMENT;FCP;OMLT;MBI Global;Quotidienne;FGP;Mixte;0.03;0.03;0.02;SOCIETE GENERALE
MA0000038986;3898;AFG OPTIMAL FUND;AFG ASSET MANAGEMENT;FCP;Diversifié;70% MBI Global et 30% MASI;Quotidienne;FGP;Mixte;0.03;0.015;0.02;SOCIETE GENERALE
MA0000038994;3899;AFG DYNAMIC FUND;AFG ASSET MANAGEMENT;FCP;Actions;MASI;Quotidienne;FGP;Mixte;0.03;0.015;0.02;SOCIETE GENERALE
MA0000039000;3900;UPLINE RETAIL SERENITE PLUS;UPLINE CAPITAL MANAGEMENT;FCP;OMLT;75% MBI MT + 25% MBI MLT;Quotidienne;FGP;Mixte;0.03;0.03;0.02;BCP
MA0000039018;3901;UPLINE RETAIL SERENITE;UPLINE CAPITAL MANAGEMENT;FCP;OCT;85% MBI CT + 15% MBI MT;Quotidienne;FGP;Mixte;0.03;0.03;0.02;BCP
MA0000039034;3903;FH2 ACTIONS ;BMCE CAPITAL GESTION;FCP;Actions;MASI RB;Quotidienne;FNPP;Mixte;0.0;0.0;0.02;BMCE BANK OF AFRICA
MA0000039042;3904;FCP EMERGENCE BALANCED FUND;VALORIS MANAGEMENT;FCP;Diversifié;70% MBI Global + 30% MASI-Rentabilité ;Quotidienne;FNPP;Mixte;0.0;0.0;0.02;CIH
MA0000039059;3905;WG VALEURS;WAFA GESTION;FCP;Actions;MASI RB;Quotidienne;FGP;Mixte;0.0;0.0;0.02;ATTIJARIWAFA BANK
MA0000039075;3907;FCP OBLIG OPPORTUNITES;IRG ASSET MANAGEMENT;FCP;OMLT;100% MBI MT;Quotidienne;FGP;Capitalisant;0.03;0.015;0.02;ATTIJARIWAFA BANK
MA0000039091;3909;CAPITAL TRUST EQUITY;CAPITAL TRUST GESTION;FCP;Actions;MASI;Quotidienne;FGP;Capitalisant;0.03;0.015;0.02;BCP
MA0000039117;3911;CAM OBLIBANQUES;MAROGEST;FCP;OCT;15% MBI MT + 85% MBI CT;Quotidienne;FGP;Capitalisant;0.03;0.015;0.02;CIH
MA0000039125;3912;CAM OBLIRENDEMENT;MAROGEST;FCP;OMLT;100% MBI MT;Quotidienne;FGP;Capitalisant;0.03;0.015;0.02;CIH
MA0000039141;3914;AD SELECT BANQUES;AD CAPITAL ASSET MANAGEMENT;FCP;OCT;100% MBI CT;Quotidienne;FGP;Capitalisant;0.03;0.03;0.02;CFG BANK
MA0000039174;3917;CAPITAL TRUST HORIZON;CAPITAL TRUST GESTION;FCP;OMLT;100% MBI Global;Quotidienne;FGP;Capitalisant;0.03;0.015;0.02;BCP
MA0000039257;3925;FCP ALPHA OBLIGATAIRE;RED MED ASSET MANAGEMENT;FCP;OMLT;100% MBI Global;Quotidienne;FGP;Distribuant;0.02;0.02;0.02;BCP
MA0000039265;3926;FCP ALPHA BONDS;RED MED ASSET MANAGEMENT;FCP;OMLT;100% MBI Global;Quotidienne;FGP;Capitalisant;0.02;0.02;0.02;BCP
MA0000039273;3927;FCP ALPHA INVEST;RED MED ASSET MANAGEMENT;FCP;Diversifié;45% MBI MLT + 30% MBI MT + 25% MASI Rentabilité;Quotidienne;FGP;Capitalisant;0.02;0.02;0.02;CDG CAPITAL
MA0000039281;3928;BMCI PREMIUM SHORT BOND DIST;CIH CAPITAL MANAGEMENT;FCP;OCT;MBI CT;Quotidienne;FGP;Distribuant;0.0;0.0;0.02;BMCI
MA0000039323;3932;CFG Diversifié;CFG GESTION;FCP;Diversifié;80% MBI Global + 20% MASI RN;Quotidienne;FGP;Capitalisant;0.03;0.015;0.02;CFG BANK
MA0000039331;3933;UPLINE CROISSANCE;UPLINE CAPITAL MANAGEMENT;FCP;Diversifié;70% MBI + 30% MASI RB;Quotidienne;FNPP;Mixte;0.0;0.0;0.02;BCP
MA0000039356;3935;FCP EMERGENCE PATRIMOINE;VALORIS MANAGEMENT;FCP;Diversifié;80% MBI Global + 20% MASI RB;Quotidienne;FNPP;Capitalisant;0.0;0.0;0.02;BMCE BANK
MA0000039364;3936;PROFIL FLEXIBLE;WAFA GESTION;FCP;Diversifié;75% MASI + 25% MBI MT;Quotidienne;FGP;Distribuant;0.02;0.02;0.02;ATTIJARIWAFA BANK
MA0000039372;3937;AFG T-BOND FUND;AFG ASSET MANAGEMENT;FCP;OMLT;MBI MLT;Quotidienne;FNPP;Mixte;0.0;0.0;0.02;ATTIJARIWAFA BANK
MA0000039414;3941;FCP EMERGENCE ACTIONS;VALORIS MANAGEMENT;FCP;Actions;MASI20;Quotidienne;FGP;Capitalisant;0.03;0.015;0.02;ATTIJARIWAFA BANK
MA0000039430;3943;FCP SANLAM OBLIGATIONS;VALORIS MANAGEMENT;FCP;OMLT;MBI Global;Quotidienne;FNPP;Mixte;0.03;0.015;0.02;BCP
MA0000039448;3944;AFG GOV BOND FUND;AFG ASSET MANAGEMENT;FCP;OMLT;MBI Global ;Quotidienne;FGP;Mixte;0.03;0.03;0.02;ATTIJARIWAFA BANK
MA0000039455;3945;AFG FLEXIBLE FUND;AFG ASSET MANAGEMENT;FCP;Diversifié;75% MBI GLOBAL + 25% MASI RB;Quotidienne;FNPP;Mixte;0.03;0.03;0.02;BCP
MA0000039463;3946;ATLAS LIQUIDITE;ATLAS CAPITAL MANAGEMENT;FCP;OCT;MBI CT;Quotidienne;FGP;Capitalisant;0.03;0.03;0.02;BANK OF AFRICA
MA0000039471;3947;AZ TAWFIR;WAFA GESTION;FCP;OMLT;100% MBI LT;Quotidienne;FNPP;Mixte;0.0;0.0;0.02;BANQUE CENTRALE POPULAIRE
MA0000039497;3949;CAPITAL IMTIYAZ GARANTI;BMCE CAPITAL GESTION;FCP;Contractuel;MONIA;Quotidienne;FGP;Capitalisant;0.01;0.01;0.02;BMCE BANK
MA0000039513;3951;FCP MAROGEST BONDS;MAROGEST;FCP;OMLT;100% MBI Global;Quotidienne;FNPP;Capitalisant;0.0;0.0;0.01;CIH 
MA0000040016;4001;UPLINE RENDEMENT;UPLINE CAPITAL MANAGEMENT;FCP;OMLT;80%MBI MT + 20% MBI MLT ;Quotidienne;FGP;Capitalisant;0.03;0.03;0.02;BCP
MA0000040024;4002;UPLINE OBLIG;UPLINE CAPITAL MANAGEMENT;FCP;OCT;100% MBI CT;Quotidienne;FGP;Capitalisant;0.03;0.015;0.02;BCP
MA0000040040;4004;UPLINE ACTIONS;UPLINE CAPITAL MANAGEMENT;FCP;Actions;MASI;Quotidienne;FGP;Capitalisant;0.03;0.015;0.02;BCP
MA0000040065;4006;FCP KENZ RENDEMENT;UPLINE CAPITAL MANAGEMENT;FCP;Diversifié;50% MASI + 50% MBI;Quotidienne;FGP;Mixte;0.01;0.001;0.02;BCP
MA0000040107;4010;AL AMAL;UPLINE CAPITAL MANAGEMENT;FCP;OCT;90% MBI CT + 10%MBI MT;Quotidienne;FGP;Capitalisant;0.0;0.0;0.0025;BCP
MA0000040123;4012;FCP ALISTITMAR CHAABI TRESORERIE;UPLINE CAPITAL MANAGEMENT;FCP;Monétaire;MBI CT;Quotidienne;FGP;Capitalisant;0.0;0.0;0.0025;BCP
MA0000040149;4014;FCP KENZ PLUS;UPLINE CAPITAL MANAGEMENT;FCP;Monétaire;MBI CT;Quotidienne;FGP;Capitalisant;0.0;0.0;0.003;BCP
MA0000040180;4018;OBLIDYNAMIC;WAFA GESTION;FCP;OCT;MBI CT;Quotidienne;FGP;Capitalisant;0.03;0.015;0.02;ATTIJARIWAFA BANK 
MA0000040248;4024;CAP OBLIGATIONS;WAFA GESTION;FCP;OCT;100% MBI CT;Quotidienne;FGP;Capitalisant;0.01;0.0;0.01;ATTIJARIWAFA BANK
MA0000040271;4027;CAP MONETAIRE PREMIERE;WAFA GESTION;FCP;Monétaire;-;Quotidienne;FGP;Capitalisant;0.0;0.0;0.0065;ATTIJARIWAFA BANK
MA0000040313;4031;FCP CAP INSTITUTIONS;WAFA GESTION;FCP;OCT;MBI CT;Quotidienne;FGP;Capitalisant;0.001;0.0;0.007;ATTIJARIWAFA BANK 
MA0000040339;4033;ATTIJARI MONETAIRE JOUR;WAFA GESTION;FCP;Monétaire;TMP;Quotidienne;FGP;Capitalisant;0.0;0.0;0.02;ATTIJARIWAFA BANK
MA0000040347;4034;PATRIMOINE ACTIONS;WAFA GESTION;FCP;Actions ;-;Quotidienne;FGP;Capitalisant;0.03;0.015;0.02;ATTIJARIWAFA BANK
MA0000040388;4038;WG OBLIGATIONS;WAFA GESTION;FCP;OMLT;100% MBI MT;Quotidienne;FGP;Mixte;0.03;0.03;0.02;ATTIJARIWAFA BANK
MA0000040396;4039;OBLITOP;WAFA GESTION;FCP;OCT;MBI CT;Quotidienne;FGP;Capitalisant;0.01;0.0;0.01;ATTIJARIWAFA BANK 
MA0000040412;4041;FCP AL IDDIKHAR CHAABI MOUTAWASSIT AL MADA;UPLINE CAPITAL MANAGEMENT;FCP;OMLT;30% MBI MT + 70% MBI MLT;Quotidienne;FGP;Mixte;0.03;0.03;0.02;BCP
MA0000040420;4042;FCP AL IDDIKHAR CHAABI TAWIL AL MADA;UPLINE CAPITAL MANAGEMENT;FCP;OMLT;80%MBI MLT + 20% MBI LT ;Quotidienne;FGP;Mixte;0.03;0.03;0.02;BCP
MA0000040438;4043;FCP AL IDDIKHAR CHAABI KASSIR AL MADA;UPLINE CAPITAL MANAGEMENT;FCP;OMLT;MBI ;Quotidienne;FGP;Mixte;0.004;0.002;0.008;BCP
MA0000040446;4044;CDG CASH;CDG CAPITAL GESTION;FCP;Monétaire;TMP (80%)+MBI (CT) (20%);Quotidienne;FGP;Capitalisant;0.0;0.0;0.006;CDG Capital
MA0000040503;4050;FCP CKG BONDS;CDG CAPITAL GESTION;FCP;OMLT;MBI MLT;Quotidienne;FGP;Capitalisant;0.03;0.015;0.01;CDG
MA0000040552;4055;UPLINE BONDS;UPLINE CAPITAL MANAGEMENT;FCP;OMLT;50% MBI MT + 50% MBI MLT;Quotidienne;FGP;Mixte;0.03;0.03;0.02;BCP
MA0000040594;4059;CDG DYNAMIC COURT TERME;CDG CAPITAL GESTION;FCP;OCT;MBI CT 80%+MBI MT 20%;Quotidienne;FNPP;Capitalisant;0.03;0.015;0.0055;CDG Capital
MA0000040610;4061;FH2 ACTIONS II;CDG CAPITAL GESTION;FCP;Actions ;MASI;Quotidienne;FNPP;Mixte;0.03;0.015;0.02;CDG Capital
MA0000040636;4063;CDG MONEY PREMIUM;CDG CAPITAL GESTION;FCP;Monétaire;60% TMP + 40% MBI CT;Quotidienne;FGP;Capitalisant;0.03;0.015;0.02;CDG Capital
MA0000040677;4067;CDG INSTITUTIONS;CDG CAPITAL GESTION;FCP;OCT;MBI CT (90%)+MBI MT (10%);Quotidienne;FGP;Capitalisant;0.03;0.015;0.02;CDG Capital
MA0000040768;4076;FCP OBLIG CT;CDG CAPITAL GESTION;FCP;OCT;MBI (CT) (75%)+MBI (MT) (25%);Quotidienne;FGP;Capitalisant;0.03;0.015;0.0055;CDG Capital
MA0000040776;4077;FCP LIQUIDITES;CDG CAPITAL GESTION;FCP;Monétaire;TMP (70%)+MBI (CT) (30%);Quotidienne;FNPP;Capitalisant;0.03;0.015;0.004;CDG Capital
MA0000040792;4079;FCP ALLOCATION;CDG CAPITAL GESTION;FCP;Diversifié;MBI (Global) (70%)+Masi RB (30%);Quotidienne;FNPP;Mixte;0.0;0.0;0.02;CDG Capital
MA0000041022;4102;ALPHA MONETAIRE;RED MED ASSET MANAGEMENT;FCP;Monétaire;MBI Monetaire;Quotidienne;FGP;Capitalisant;0.0;0.0;0.008;Credit du Maroc
MA0000041097;4109;RMA TRESO PLUS;RMA ASSET MANAGEMENT;FCP;Monétaire;100% TMP;Quotidienne;FGP;Capitalisant;0.0;0.0;0.01;BMCE BANK
MA0000041113;4111;CMR ASHOUM;CDG CAPITAL GESTION;FCP;Actions;MASI;Quotidienne;FNPP;Capitalisant;0.03;0.015;0.02;CDG Capital
MA0000041121;4112;IRGAM MONETAIRE PLUS;IRG ASSET MANAGEMENT;FCP;OCT;100% MBI Court Terme;Quotidienne;FGP;Capitalisant;0.03;0.015;0.02;ATTIJARIWAFA BANK
MA0000041154;4115;CDG OBLIG SECURITE;CDG CAPITAL GESTION;FCP;OCT;80% MBI CT et 20% MBI MT;Quotidienne;FNPP;Capitalisant;0.03;0.015;0.02;CDG CAPITAL GESTION
MA0000041162;4116;AL BARID TRESORERIE;CDG CAPITAL GESTION;FCP;Monétaire;MBI MT;Quotidienne;FGP;Capitalisant;0.03;0.015;0.02;CDG Capital
MA0000041196;4119;CDG SERENITE;CDG CAPITAL GESTION;FCP;Monétaire;60% TMP + 40% MBI (CT);Quotidienne;FGP;Capitalisant ;0.03;0.015;0.02;CDG Capital
MA0000041238;4123;RMA RENDEMENT CT;RMA ASSET MANAGEMENT;FCP;OCT;MBI CT;Quotidienne;FGP;Capitalisant;0.03;0.02;0.02;BMCE BANK
MA0000041261;4126;ALPHA SECURE FUND;RED MED ASSET MANAGEMENT;FCP;OMLT;MBI;Quotidienne;FGP;Capitalisant;0.02;0.02;0.02;BCP
MA0000041279;4127;CIMR CASH DYNAMIQUE;WAFA GESTION;FCP;Monétaire;TMP;Quotidienne;FNPP;Capitalisant;0.03;0.015;0.02;ATTIJARIWAFA BANK
MA0000041295;4129;CDG OPTIMUM;CDG CAPITAL GESTION;FCP;Monétaire;50% TMP + 50% MBI Court terme;Quotidienne;FGP;Capitalisant;0.03;0.015;0.02;CDG Capital
MA0000041303;4130;CDM MONETAIRE PLUS;WAFA GESTION;FCP;Monétaire;TMP sur le marché interbancaire;Quotidienne;FGP;Capitalisant;0.0;0.0;0.0065;CREDIT DU MAROC
MA0000041311;4131;CAM MONETAIRE;MAROGEST;FCP;Monétaire;30% MBI court terme + 70% TMP Interbancaire;Quotidienne;FGP;Capitalisant;0.0;0.0;0.01;CDG Capital
MA0000041329;4132;CAM OBLIGATIONS;MAROGEST;FCP;OMLT;100% MBI Global;Quotidienne;FGP;Capitalisant;0.01;0.005;0.015;CDG Capital
MA0000041337;4133;CAM ACTIONS;MAROGEST;FCP;Actions;100% CFG 25 flottant;Quotidienne;FGP;Capitalisant;0.02;0.015;0.02;CDG Capital
MA0000041386;4138;WG MONETAIRE;WAFA GESTION;FCP;Monétaire;TMP sur le marché interbancaire;Quotidienne;FGP;Capitalisant;0.01;0.01;0.01;ATTIJARIWAFA BANK
MA0000041394;4139;FCP ALPHA BANQUES FUND;RED MED ASSET MANAGEMENT;FCP;OCT;MBI CT;Quotidienne;FGP;Capitalisant;0.01;0.01;0.01;BCP
MA0000041402;4140;IRGAM SECURIPLUS;IRG ASSET MANAGEMENT;FCP;OCT;100% MBI CT;Quotidienne;FGP;Capitalisant;0.03;0.015;0.02;BCP
MA0000041501;4150;LIBERIS SERENITE;WAFA GESTION;FCP;OMLT;100% MBI Global;Quotidienne;FNPP;Mixte;0.03;0.015;0.02;CREDIT DU MAROC
MA0000041519;4151;CDM OBLIGATIONS;WAFA GESTION;FCP;OMLT;100% MBI Global;Quotidienne;FGP;Capitalisant;0.03;0.015;0.02;CREDIT DU MAROC
MA0000041592;4159;FCP ALIF VI;CDG CAPITAL GESTION;FCP;OMLT;50% MBI MLT + 50% MBI MT;Quotidienne;FNPP;Capitalisant;0.03;0.015;0.02;CDG Capital
MA0000041600;4160;FCP MONETAIRE PREMIUM;CDG CAPITAL GESTION;FCP;Monétaire;50% MONIA + 50% MBI CT;Quotidienne;FGP;Capitalisant;0.03;0.015;0.02;BCP
MA0000041618;4161;FCP TRESORERIE PLUS;CDG CAPITAL GESTION;FCP;OCT;MBI CT;Quotidienne;FGP;Capitalisant;0.03;0.015;0.02;BCP
MA0000041667;4166;R-MIXT OPTIMUM;WAFA GESTION;FCP;Diversifié;45% MBI MLT + 30% MBI MT + 25% MASI Rentabilité ;Quotidienne;FNPP;Capitalisant;0.03;0.015;0.02;CDG
MA0000041683;4168;SG CASH PLUS;SOGECAPITAL GESTION;FCP;Monétaire;TMP;Quotidienne;FGP;Capitalisant;0.03;0.015;0.005;SOCIETE GENERALE
MA0000041691;4169;SG CASH GARANTI;SOGECAPITAL GESTION;FCP;Contractuel;TMP;Quotidienne;FGP;Capitalisant;0.03;0.015;0.005;SOCIETE GENERALE
MA0000041717;4171;SG COURT TERME OBLIG;SOGECAPITAL GESTION;FCP;OCT;MBI Court terme;Quotidienne;FGP;Capitalisant;0.03;0.015;0.02;SOCIETE GENERALE
MA0000041741;4174;FCP HORIZON PREMIUM;SOGECAPITAL GESTION;FCP;Monétaire;40% MBI CT et 60 % TMP;Quotidienne;FGP;Capitalisant;0.0;0.0;0.02;SOCIETE GENERALE
MA0000041766;4176;SG TRESOR PLUS;SOGECAPITAL GESTION;FCP;OCT;MBI (CT) ;Quotidienne;FGP;Capitalisant;0.0;0.0;0.0075;SOCIETE GENERALE
MA0000041816;4181;BMCI Premium Money Market;CIH CAPITAL MANAGEMENT;FCP;Monétaire;TMI (jj);Quotidienne;FGP;Capitalisant;0.0;0.0;0.02;BMCI
MA0000041840;4184;BMCI Premium Short Term Bond;CIH CAPITAL MANAGEMENT;FCP;OCT;MBI CT;Quotidienne;FGP;Capitalisant;0.0;0.0;0.02;BMCI
MA0000041899;4189;BMCI MONETAIRE PLUS;CIH CAPITAL MANAGEMENT;FCP;Monétaire;TMP interbancaire;Quotidienne;FGP;Capitalisant;0.0;0.0;0.02;BMCI
MA0000041931;4193;HORIZON TREASURY FUND;SOGECAPITAL GESTION;FCP;Monétaire;75% MONIA + 25% MBI CT;Quotidienne;FGP;Capitalisant;0.02;0.02;0.02;SOCIETE GENERALE
MA0000041964;4196;SG SOCIAL IMPACT FUND;SOGECAPITAL GESTION;FCP;Monétaire;MONIA;Quotidienne;FGP;Mixte;0.02;0.06;0.005;SOCIETE GENERALE
MA0000041972;4197;WINEO AL AMINE;WINEO GESTION;FCP;Actions;-;Quotidienne;FGP;Mixte;0.005;0.005;0.02;ATTIJARIWAFA BANK
MA0000041998;4199;WINEO CASH;WINEO GESTION;FCP;Monétaire;-;Quotidienne;FGP;Capitalisant;0.0;0.0;0.0065;CIH
MA0000042020;4202;WINEO OBLIG CT;WINEO GESTION;FCP;OCT;MBI (CT);Quotidienne;FGP;Capitalisant;0.0;0.0;0.02;CIH
MA0000042046;4204;ATLAS TRESORERIE;ATLAS CAPITAL MANAGEMENT;FCP;Monétaire;MONIA;Quotidienne;FGP;Capitalisant;0.03;0.03;0.02;CIH
MA0000042053;4205;ATLAS MONEBANQUES;ATLAS CAPITAL MANAGEMENT;FCP;Monétaire;MONIA;Quotidienne;FGP;Capitalisant ;0.03;0.03;0.01;CIH
MA0000042061;4206;ATLAS OBLIGBANCAIRES;ATLAS CAPITAL MANAGEMENT;FCP;OCT;MBI CT;Quotidienne;FGP;Capitalisant ;0.03;0.03;0.01;CIH
MA0000042111;4211;ATTIJARI MIXED DISTRIBUTION;WAFA GESTION;FCP;Diversifié;70% MBI MT + 30% MASI;Quotidienne;FGP;Distribuant;0.02;0.02;0.02;ATTIJARIWAFA BANK
MA0000042129;4212;ATTIJARI FIXED INCOME DISTRIBUTION;WAFA GESTION;FCP;OMLT;100% MBI MT;Quotidienne;FGP;Distribuant;0.03;0.03;0.02;ATTIJARIWAFA BANK
MA0000042145;4214;ATTIJARI CASH GARANTI;WAFA GESTION;FCP;Contractuel;100% MONIA;Quotidienne;FGP;Capitalisant ;0.0;0.0;0.01;ATTIJARIWAFA BANK 
MA0000042152;4215;EMERGENCE MONETAIRE PLUS;VALORIS MANAGEMENT;FCP;OCT;MBI CT;Quotidienne;FGP;Capitalisant;0.03;0.015;0.02;BMCE BANK
MA0000042160;4216;EMERGENCE EQUITY FUND;VALORIS MANAGEMENT;FCP;Actions;MASI;Quotidienne;FGP;Capitalisant;0.03;0.015;0.02;BMCE BANK
MA0000042178;4217;EMERGENCE MONETAIRE;VALORIS MANAGEMENT;FCP;Monétaire;TMP au jour le jour;Quotidienne;FGP;Capitalisant;0.0;0.0;0.02;BMCE BANK
MA0000042186;4218;EMERGENCE RENDEMENT BANQUES;VALORIS MANAGEMENT;FCP;OMLT;50 % MBI MT + 50% MBI MLT;Quotidienne;FGP;Capitalisant;0.03;0.015;0.02;BMCE Bank
MA0000042202;4220;EMERGENCE EQUILIBRE;VALORIS MANAGEMENT;FCP;Diversifié;80% MBI Global + 20% MASI;Quotidienne;FGP;Capitalisant;0.03;0.015;0.02;BMCE Bank
MA0000042210;4221;EMERGENCE RENDEMENT PLUS;VALORIS MANAGEMENT;FCP;OMLT;50% MBI MT + 50% MBI MLT;Quotidienne;FGP;Capitalisant;0.03;0.015;0.02;BMCE Bank
MA0000042228;4222;FCP CKG GARANTI;CDG CAPITAL GESTION;FCP;Contractuel;MONIA;Quotidienne;FGP;Capitalisant;0.03;0.015;0.02;CDG
MA0000042236;4223;FSEC I CT;CDG CAPITAL GESTION;FCP;OCT;80% MBI CT et 20% MBI MT;Quotidienne;FNPP;Capitalisant;0.0;0.0;0.02;CDG
MA0000042368;4236;UNIVERS OBLIGATIONS;WAFA GESTION;FCP;OMLT;50% MBI MLT +50% MBI MT;Quotidienne;FNPP;Mixte;0.0;0.0;0.02;ATTIJARIWAFA BANK
MA0000042392;4239;WG RENDEMENT;WAFA GESTION;FCP;Diversifié;30% MASI R + 70% MBI GLOBAL;Quotidienne;FGP;Mixte;0.03;0.015;0.02;ATTIJARIWAFA BANK
MA0000042418;4241;WG BOND FUND;WAFA GESTION;FCP;OMLT;100% MBI MLT;Quotidienne;FNPP;Mixte;0.0;0.0;0.02;ATTIJARIWAFA BANK
MA0000042434;4243;CIH CASH;CIH CAPITAL MANAGEMENT;FCP;Monétaire;MBI (CT) (20%)+TMP (80%);Quotidienne;FGP;Capitalisant;0.03;0.015;0.02;CIH
MA0000042459;4245;CIH MONETAIRE PLUS;CIH CAPITAL MANAGEMENT;FCP;OCT;MBI (CT) (80%)+MBI (MT) (20%);Quotidienne;FGP;Capitalisant;0.03;0.015;0.02;CIH
MA0000042483;4248;CIH TRESORERIE;CIH CAPITAL MANAGEMENT;FCP;Monétaire;MBI (CT) (50%)+TMP (50%);Quotidienne;FGP;Capitalisant;0.03;0.015;0.02;CIH
MA0000042491;4249;WINEO OCT PLUS;WINEO GESTION;FCP;OCT;100% MBI CT;Quotidienne;FGP;Capitalisant;0.0;0.0;2.0;ATTIJARIWAFA BANK
MA0000030058;3005;BMCI COSMOS;CIH CAPITAL MANAGEMENT;SICAV;Actions;Masi;Hebdomadaire;FGP;Capitalisant;0.02;0.0075;0.02;BMCI
MA0000030066;3006;BMCI EPARGNE OBLIGATIONS;CIH CAPITAL MANAGEMENT;SICAV;OMLT;MBI (MLT);Hebdomadaire;FGP;Capitalisant;0.005;0.0025;0.0093;BMCI
MA0000030215;3021;CDG IZDIHAR;CDG CAPITAL GESTION;SICAV;Diversifié;MBI (Global) (77%)+CFG 25 flottant (23%);Hebdomadaire;FGP;Capitalisant;0.003;0.0025;0.02;CDG Capital
MA0000030298;3029;SICAV OBLIGATIONS PÉRENNITÉ;CDG CAPITAL GESTION;SICAV;OMLT;MBI Moyen terme;Quotidienne;FNPP;Capitalisant;0.03;0.015;0.02;CDG Capital
MA0000030363;3036;BMCI EPARGNE CROISSANCE;CIH CAPITAL MANAGEMENT;SICAV;Diversifié;Masi (60%)+MBI (MT) (40%);Hebdomadaire;FGP;Capitalisant;0.0125;0.005;0.0195;BMCI
MA0000030397;3039;CDG BARID;CDG CAPITAL GESTION;SICAV;OMLT;-;Hebdomadaire;FNPP;Capitalisant;0.005;0.0;0.02;CDG
MA0000030405;3040;SICAV MAROC CROISSANCE;MAROGEST;SICAV;Diversifié;-;Hebdomadaire;FGP;Capitalisant;0.02;0.005;0.02;CIH
MA0000030488;3048;IRAD;BMCE CAPITAL GESTION;SICAV;Monétaire;Taux Repo au jour le jour;Quotidienne;FGP;Capitalisant;0.0;0.0;0.015;BMCE BANK
MA0000030496;3049;SICAVENIR;BMCE CAPITAL GESTION;SICAV;OMLT;MBI (Global);Hebdomadaire;FGP;Capitalisant;0.02;0.01;0.02;BMCE BANK
MA0000030504;3050;MAROC VALEURS;BMCE CAPITAL GESTION;SICAV;Actions;MASI;Hebdomadaire;FGP;Capitalisant;0.02;0.01;0.02;BMCE BANK
MA0000030520;3052;ATTIJARI DIVERSIFIE;WAFA GESTION;SICAV;Diversifié;Masi (30%)+MBI (MT) (70%);Hebdomadaire;FGP;Capitalisant;0.03;0.015;0.02;ATTIJARIWAFA BANK
MA0000030538;3053;ATTIJARI PATRIMOINE MULTIGESTION;WAFA GESTION;SICAV;Diversifié;Masi (40%)+MBI (MT) (60%);Hebdomadaire;FGP;Capitalisant;0.03;0.015;0.02;ATTIJARIWAFA BANK
MA0000030546;3054;ATTIJARI OBLIGATIONS;WAFA GESTION;SICAV;OMLT;MBI (MT);Hebdomadaire;FGP;Capitalisant;0.03;0.015;0.02;ATTIJARIWAFA BANK
MA0000030553;3055;ATTIJARI TRESORERIE;WAFA GESTION;SICAV;Monétaire;TMP;Quotidienne;FGP;Capitalisant;0.0;0.0;0.02;ATTIJARIWAFA BANK
MA0000030561;3056;C.I.M.R ATTADAMOUN;UPLINE CAPITAL MANAGEMENT;SICAV;OMLT;100% MBI MLT;Hebdomadaire;FNPP;Capitalisant;0.03;0.015;0.02;CREDIT DU MAROC
MA0000030579;3057;CDM OPTIMUM;WAFA GESTION;SICAV;Diversifié;MBI (MLT) (50%)+Masi Rentabilite (50%);Quotidienne;FGP;Capitalisant;0.03;0.015;0.02;CREDIT DU MAROC
MA0000030587;3058;CDM GENERATION;WAFA GESTION;SICAV;OMLT;MBI (MT) (65%)+MBI (MLT) (35%);Quotidienne;FGP;Capitalisant;0.03;0.015;0.02;CREDIT DU MAROC
MA0000030595;3059;CDM TRESOR PLUS;WAFA GESTION;SICAV;OCT;MBI (CT);Quotidienne;FGP;Distribuant;0.03;0.015;0.02;CREDIT DU MAROC
MA0000030603;3060;CDM CASH;WAFA GESTION;SICAV;Monétaire;TMP (40%)+MBI (CT) (60%);Quotidienne;FGP;Capitalisant;0.03;0.015;0.015;CREDIT DU MAROC
MA0000030611;3061;CDM EXPANSION;WAFA GESTION;SICAV;Actions;Madex;Hebdomadaire;FGP;Capitalisant;0.03;0.015;0.02;CREDIT DU MAROC
MA0000030629;3062;C.I.M.R IDDIKHAR;SOGECAPITAL GESTION;SICAV;OMLT;MBI (MLT);Hebdomadaire;FNPP;Capitalisant;0.03;0.015;0.02;SOCIETE GENERALE
MA0000030637;3063;CIMR AJIAL;WAFA GESTION;SICAV;OMLT;MBI (MLT) (80%)+MBI (LT) (20%);Hebdomadaire;FNPP;Capitalisant;0.03;0.015;0.02;BMCE BANK
MA0000030645;3064;ATTIJARI PATRIMOINE VALEURS;WAFA GESTION;SICAV;Actions;Masi;Hebdomadaire;FGP;Capitalisant;0.03;0.015;0.02;ATTIJARIWAFA BANK
MA0000030652;3065;WG CROISSANCE;WAFA GESTION;SICAV;Diversifié;MBI (MT) 75%+ MASI 25%;Hebdomadaire;FGP;Capitalisant;0.03;0.015;0.02;ATTIJARIWAFA BANK
MA0000030678;3067;PALMARES FINANCIERES;WAFA GESTION;SICAV;Diversifié;Masi;Hebdomadaire;FNPP;Capitalisant;0.03;0.015;0.02;ATTIJARIWAFA BANK
MA0000030686;3068;FRUCTI VALEURS;WAFA GESTION;SICAV;Diversifié;Masi (50%)+MBI (MT) (50%);Hebdomadaire;FNPP;Capitalisant;0.005;0.0025;0.01;ATTIJARIWAFA BANK
MA0000030694;3069;ATTIJARI PATRIMOINE DIVERSIFIE;WAFA GESTION;SICAV;Diversifié;Masi (50%)+MBI (MT) (50%);Hebdomadaire;FGP;Capitalisant;0.03;0.015;0.02;ATTIJARIWAFA BANK
MA0000030702;3070;ATTIJARI PATRIMOINE TAUX;WAFA GESTION;SICAV;OMLT;MBI (MT);Hebdomadaire;FGP;Capitalisant;0.03;0.015;0.02;ATTIJARIWAFA BANK
MA0000030710;3071;ATTIJARI SELECTION;WAFA GESTION;SICAV;Diversifié;Masi (40%)+MBI (MT) (60%);Hebdomadaire;FGP;Capitalisant;0.03;0.015;0.02;ATTIJARIWAFA BANK
MA0000030728;3072;CIMR PREVOYANCE;WAFA GESTION;SICAV;OMLT;MBI (MLT) 100%;Hebdomadaire;FNPP;Capitalisant;0.03;0.015;0.02;ATTIJARIWAFA BANK
MA0000030744;3074;CDG CROISSANCE;CDG CAPITAL GESTION;SICAV;Actions;MBI (Global) (20%)+CFG 25 flottant (80%);Hebdomadaire;FGP;Capitalisant;0.01;0.01;0.02;CDG Capital
MA0000030751;3075;CDG PATRIMOINE;CDG CAPITAL GESTION;SICAV;Diversifié;MBI (Global) (65%)+CFG 25 flottant (35%);Hebdomadaire;FGP;Distribuant;0.01;0.01;0.02;CDG Capital
MA0000030769;3076;LEGACY ACCUMULATION FUND;VALORIS MANAGEMENT;SICAV;Diversifié;MBI 85% + MASI 15%;Hebdomadaire;FNPP;Capitalisant;0.03;0.015;0.02;BMCE BANK
MA0000030777;3077;SG VALEURS;SOGECAPITAL GESTION;SICAV;Monétaire;100% MONIA;Quotidienne;FGP;Capitalisant;0.0;0.0;0.02;SOCIETE GENERALE
MA0000030785;3078;SG OBLIG PLUS;SOGECAPITAL GESTION;SICAV;OMLT;MBI (MT);Hebdomadaire;FGP;Capitalisant;0.005;0.001;0.02;SOCIETE GENERALE
MA0000030793;3079;SG EXPANSION;SOGECAPITAL GESTION;SICAV;Actions;Masi;Hebdomadaire;FGP;Capitalisant;0.02;0.015;0.02;SOCIETE GENERALE
MA0000030801;3080;SG PERSPECTIVES;SOGECAPITAL GESTION;SICAV;Diversifié;Masi (40%)+MBI (MT) (60%);Hebdomadaire;FGP;Capitalisant;0.02;0.015;0.02;SOCIETE GENERALE
MA0000030827;3082;WG DIVERSIFIE;WAFA GESTION;SICAV;Diversifié;75% MBI MT + 25% MASI RB;Hebdomadaire;FGP;Capitalisant;0.0;0.0;0.02;ATTIJARIWAFA BANK
MA0000035073;3507;CDG-SECUR;CDG CAPITAL GESTION;FCP;OMLT;40% MBI MT + 60% MBI MLT;Hebdomadaire;FNPP;Capitalisant;0.03;0.015;0.02;CDG 
MA0000035081;3508;FCP CAM DYNAMIQUE;MAROGEST;FCP;Actions;-;Hebdomadaire;FGP;Capitalisant;0.02;0.006;0.02;CIH
MA0000035099;3509;FCP CAM EPARGNE;MAROGEST;FCP;OMLT;MBI (MLT) ;Hebdomadaire;FGP;Capitalisant;0.015;0.003;0.01;CIH
MA0000035164;3516;FCP CAM INVESTISSEMENT;MAROGEST;FCP;Actions;CFG 25 flottant ;Hebdomadaire;FGP;Capitalisant;0.02;0.006;0.02;CIH
MA0000035180;3518;FCP SANAD ACTIONS;CIH CAPITAL MANAGEMENT;FCP;Diversifié;80% MBI Global + 20% MASI;Hebdomadaire;FNPP;Distribuant;0.03;0.015;0.02;BMCI
MA0000035198;3519;SANAD OBLIGATAIRE;CIH CAPITAL MANAGEMENT;FCP;OMLT;MBI ;Hebdomadaire;FNPP;Capitalisant;0.03;0.015;0.02;BMCI
MA0000035206;3520;ATLANTA OBLIGATIONS;CIH CAPITAL MANAGEMENT;FCP;OMLT;MBI ;Hebdomadaire;FNPP;Capitalisant;0.03;0.015;0.02;BMCI
MA0000035438;3543;FCP SECURITE DEVELOPPEMENT;CIH CAPITAL MANAGEMENT;FCP;OMLT;MBI (MT);Hebdomadaire;FNPP;Capitalisant;0.0;0.0;0.005;BMCI
MA0000035453;3545;SOCIETE CENTRALE DE REASSURANCE-INTEGRALE;CDG CAPITAL GESTION;FCP;Actions;CFG 25 flottant ;Hebdomadaire;FNPP;Capitalisant;0.03;0.015;0.02;CDG Capital
MA0000035461;3546;SOCIETE CENTRALE DE REASSURANCE OBLIGATIONS;CDG CAPITAL GESTION;FCP;OMLT;MBI Global;Hebdomadaire;FNPP;Mixte;0.005;0.0;-;CDG Capital
MA0000035487;3548;CDG-ACTIONS;CDG CAPITAL GESTION;FCP;Actions;CFG 25 flottant ;Hebdomadaire;FNPP;Capitalisant;0.03;0.015;0.02;CDG Capital
MA0000035495;3549;FCP AL IKRAM;CIH CAPITAL MANAGEMENT;FCP;Diversifié;Masi (60%)+MBI (MT) (40%);Hebdomadaire;FNPP;Capitalisant;0.03;0.015;0.0075;BMCI
MA0000035503;3550;FCP CASACTIONS;CIH CAPITAL MANAGEMENT;FCP;Diversifié;80% MBI Global + 20% MASI;Hebdomadaire;FNPP;Distribuant;0.03;0.015;0.02;BMCI
MA0000035511;3551;FCP AVENIR ACTIONS;CIH CAPITAL MANAGEMENT;FCP;Diversifié;80% MBI Global + 20% MASI;Hebdomadaire;FNPP;Distribuant;0.03;0.015;0.02;BMCI
MA0000035529;3552;FCP AXA HORIZON;CIH CAPITAL MANAGEMENT;FCP;Diversifié;CFG 25 flottant ;Hebdomadaire;FNPP;Distribuant;0.03;0.015;0;BMCI
MA0000035537;3553;FCP CIMR THARWA;CIH CAPITAL MANAGEMENT;FCP;Actions;CFG 25 flottant ;Hebdomadaire;FNPP;Capitalisant;0.0;0.0;0.02;BMCI
MA0000035545;3554;BMCI INVEST;CIH CAPITAL MANAGEMENT;FCP;Diversifié;Masi (60%)+MBI (MT) (40%);Hebdomadaire;FNPP;Capitalisant;0.03;0.015;0.006;BMCI
MA0000035552;3555;AXA-AVENIR;CDG CAPITAL GESTION;FCP;Diversifié;MBI (Global) (80%) +  Masi rentabilité net (20%);Hebdomadaire;FNPP;Mixte;0.03;0.015;0.02;CDG Capital
MA0000035594;3559;CMKD FUND;SOGECAPITAL GESTION;FCP;Diversifié;MBI (MT) 75% + MASI 25%;Hebdomadaire;FNPP;Distribuant;0.03;0.015;0.0035;SOCIETE GENERALE
MA0000035651;3565;ATLAS PREMIUM;ATLAS CAPITAL MANAGEMENT;FCP;Actions;Masi;Hebdomadaire;FGP;Capitalisant;0.03;0.015;0.015;CIH
MA0000035685;3568;AVENIR OBLIGATION;CFG GESTION;FCP;OMLT;CFG Bonds (MT);Hebdomadaire;FNPP;Mixte;0.03;0.003;0.01;ATTIJARIWAFA BANK
MA0000035693;3569;AVENIR PREMIERE;CFG GESTION;FCP;OMLT;MBI MLT;Hebdomadaire;FNPP;Mixte;0.03;0.015;0.02;ATTIJARIWAFA BANK
MA0000035701;3570;PATRIMOINE AVENIR;CFG GESTION;FCP;Actions;CFG 25 flottant ;Hebdomadaire;FGP;Capitalisant;0.0045;0.0045;0.02;CFG BANK
MA0000035727;3572;CFG AVENIR;CFG GESTION;FCP;Diversifié;CFG 25 flottant (20%)+CFG Bonds (CT) (80%);Hebdomadaire;FGP;Capitalisant;0.002;0.002;0.02;CFG BANK
MA0000035743;3574;CFG PERFORMANCE;CFG GESTION;FCP;Actions;-;Quotidienne;FGP;Capitalisant;0.0045;0.0045;0.02;CFG BANK
MA0000035750;3575;AXA PERFORMANCE;CFG GESTION;FCP;Diversifié;80% MBI Global + 20% MASI rentabilité nette;Hebdomadaire;FNPP;Mixte;0.0;0.0;0.02;CFG BANK
MA0000035768;3576;CFG EMERGENCE;CFG GESTION;FCP;Actions;CFG 25 flottant ;Hebdomadaire;FGP;Capitalisant;0.0045;0.0045;0.02;CFG BANK
MA0000035792;3579;CFG RENDEMENT;CFG GESTION;FCP;OMLT;CFG Bonds CT;Quotidienne;FGP;Capitalisant;0.0;0.0;0.01;CFG BANK
MA0000035800;3580;CAA RENDEMENT;CFG GESTION;FCP;OMLT;MBI Global;Hebdomadaire;FNPP;Mixte;0.0;0.0;0.02;CFG BANK
MA0000035818;3581;AVENIR RENDEMENT;CFG GESTION;FCP;OMLT;MBI (LT);Hebdomadaire;FNPP;Capitalisant;0.03;0.003;0.01;ATTIJARIWAFA BANK
MA0000035826;3582;CFG LIQUIDITE;CFG GESTION;FCP;OCT;MBI CT;Quotidienne;FGP;Capitalisant;0.0;0.0;0.01;CFG BANK
MA0000035842;3584;FCP CAPITAL BALANCE;BMCE CAPITAL GESTION;FCP;Diversifié;50% MASI + 50% MBI Global;Hebdomadaire;FGP;Capitalisant;0.02;0.02;0.02;BMCE BANK OF AFRICA
MA0000035867;3586;FCP CAPITAL IMTIYAZ CROISSANCE;BMCE CAPITAL GESTION;FCP;Diversifié;30% MASI + 70% MBI;Hebdomadaire;FGP;Capitalisant;0.02;0.02;0.02;BMCE BANK OF AFRICA
MA0000035875;3587;FCP CAPITAL PARTICIPATIONS;BMCE CAPITAL GESTION;FCP;Actions;Masi ;Hebdomadaire;FGP;Capitalisant;0.02;0.02;0.02;BMCE BANK OF AFRICA
MA0000035883;3588;CAPITAL DIVIDENDES PLUS;BMCE CAPITAL GESTION;FCP;Actions;Masi ;Hebdomadaire;FGP;Mixte;0.02;0.02;0.02;BMCE BANK OF AFRICA
MA0000035891;3589;FCP MEDERSAT.COM;BMCE CAPITAL GESTION;FCP;Diversifié;50% MASI + 50% MBI Global;Hebdomadaire;FGP;Distribuant;0.02;0.02;0.02;BMCE BANK OF AFRICA
MA0000035909;3590;FCP CAPITAL OPTIMISATION;BMCE CAPITAL GESTION;FCP;OMLT;MBI (MLT) (50%)+MBI (LT) (50%);Hebdomadaire;FNPP;Distribuant;0.03;0.015;0.006;BMCE BANK
MA0000035917;3591;FCP CAPITAL TRESOR;BMCE CAPITAL GESTION;FCP;OMLT;60% MBI MT + 40% MBI MLT;Hebdomadaire;FGP;Capitalisant;0.02;0.02;0.01;BMCE BANK
MA0000035925;3592;FCP CAPITAL DYNAMIQUE;BMCE CAPITAL GESTION;FCP;OCT;MBI CT;Quotidienne;FGP;Capitalisant;0.01;0.01;0.01;BMCE BANK OF AFRICA
MA0000035933;3593;FCP CAPITAL INSTITUTIONS;BMCE CAPITAL GESTION;FCP;OMLT;MBI (MT) ;Hebdomadaire;FGP;Capitalisant;0.02;0.02;0.02;BMCE BANK OF AFRICA
MA0000035941;3594;FCP CAPITAL IMTIYAZ SECURITE;BMCE CAPITAL GESTION;FCP;OMLT;MBI (Global) ;Hebdomadaire;FGP;Capitalisant;0.02;0.02;0.02;BMCE BANK OF AFRICA
MA0000035958;3595;FCP CAPITAL INDICE;BMCE CAPITAL GESTION;FCP;Actions;100% Masi Rentabilite Brute;Hebdomadaire;FGP;Mixte;0.02;0.02;0.02;BMCE BANK OF AFRICA
MA0000035990;3599;EMERGENCE FUND;VALORIS MANAGEMENT;FCP;OMLT;MBI Global;Hebdomadaire;FGP;Capitalisant;0.03;0.015;0.013;ATTIJARIWAFA BANK
MA0000036014;3601;UPLINE CASH;UPLINE CAPITAL MANAGEMENT;FCP;Monétaire;60% TMP + 40% MBI CT;Quotidienne;FNPP;Capitalisant;0.03;0.015;0.02;BCP
MA0000036022;3602;ATTIJARI SOLIDARITE;WAFA GESTION;FCP;Diversifié;Masi (50%)+MBI (MT) (50%);Hebdomadaire;FGP;Capitalisant;0.03;0.015;0.02;ATTIJARIWAFA BANK
MA0000036055;3605;CAT EQUILIBRE;WAFA GESTION;FCP;OMLT;MBI (MLT) (50%)+MBI (LT) (50%);Hebdomadaire;FNPP;Capitalisant;0.03;0.015;0.02;ATTIJARIWAFA BANK
MA0000036063;3606;ATTIJARI ACTIONS;WAFA GESTION;FCP;Actions;Masi ;Quotidienne;FGP;Capitalisant;0.03;0.015;0.02;ATTIJARIWAFA BANK
MA0000036089;3608;ATTIJARI FINANCES CORP VALEURS;WAFA GESTION;FCP;Actions;Masi;Hebdomadaire;FNPP;Capitalisant;0.03;0.015;0.02;ATTIJARIWAFA BANK
MA0000036097;3609;CAPITAL PERFORMANCE;WAFA GESTION;FCP;Diversifié;Masi;Hebdomadaire;FNPP;Capitalisant;0.03;0.015;0.02;ATTIJARIWAFA BANK
MA0000036154;3615;FCP CDM LIQUIDITES;WAFA GESTION;FCP;OCT;MBI (CT) (80%)+MBI (MT) (20%);Quotidienne;FGP;Capitalisant;0.03;0.015;0.01;CREDIT DU MAROC
MA0000036188;3618;FCP MAROC RENDEMENT ;MAROGEST;FCP;OCT;-;Hebdomadaire;FGP;Capitalisant;0.03;0.015;0.01;CIH
MA0000036204;3620;CIMR MOUBADARA;WAFA GESTION;FCP;Actions;100% MASI;Hebdomadaire;FNPP;Capitalisant;0.03;0.015;0.02;ATTIJARIWAFA BANK
MA0000036220;3622;FCP CAPITAL PROTECTION;BMCE CAPITAL GESTION;FCP;Actions;Masi;Quotidienne;FNPP;Capitalisant;0.02;0.01;0.02;BMCE BANK
MA0000036238;3623;FCP CAPITAL MONETAIRE;BMCE CAPITAL GESTION;FCP;Monétaire;MONIA;Quotidienne;FGP;Capitalisant;0.01;0.01;0.01;BMCE BANK OF AFRICA
MA0000036246;3624;CDG MONETAIRE PLUS;CDG CAPITAL GESTION;FCP;OCT;MBI (CT) (85%)+MBI (MT) (15%);Quotidienne;FGP;Capitalisant;0.005;0.0;0.01;CDG Capital
MA0000036253;3625;AVENIR PREVOYANCE;CFG GESTION;FCP;OMLT;MBI (MLT) ;Hebdomadaire;FNPP;Capitalisant;0.03;0.015;0.02;BMCE
MA0000036261;3626;FCP CAPITAL IMTIYAZ LIQUIDITE;BMCE CAPITAL GESTION;FCP;OCT;MBI CT;Quotidienne;FGP;Capitalisant;0.01;0.005;0.008;BMCE BANK OF AFRICA
MA0000036295;3629;FCP BMCI GESTION SOLIDARITE;CIH CAPITAL MANAGEMENT;FCP;OMLT;MBI (Global) ;Hebdomadaire;FNPP;Capitalisant;0.0;0.01;0;BMCI
MA0000036303;3630;FCP CAPITAL ACTIONS;BMCE CAPITAL GESTION;FCP;Actions;Masi;Quotidienne;FGP;Capitalisant;0.02;0.02;0.02;BMCE BANK OF AFRICA
MA0000036311;3631;FCP CAPITAL SELECTION;BMCE CAPITAL GESTION;FCP;Actions;Madex;Quotidienne;FGP;Capitalisant;0.02;0.02;0.01;BMCE BANK
MA0000036378;3637;AVENIR CROISSANCE;CFG GESTION;FCP;Actions;CFG 25 flottant ;Hebdomadaire;FNPP;Mixte;0.03;0.015;0.02;ATTIJARIWAFA BANK
MA0000036394;3639;FCP CAPITAL TAALIM;BMCE CAPITAL GESTION;FCP;OMLT;MBI (MLT) (95%)+Masi (5%);Hebdomadaire;FNPP;Capitalisant;0.03;0.015;0.02;BMCE BANK
MA0000036436;3643;EMERGENCE CAPITAL ;VALORIS MANAGEMENT;FCP;OMLT;MBI Global;Hebdomadaire;FNPP;Capitalisant;0.03;0.015;0.005;BMCE BANK
MA0000036444;3644;AL IJTIMAI PATRIMOINE;VALORIS MANAGEMENT;FCP;OMLT;MBI Global;Hebdomadaire;FNPP;Capitalisant;0.03;0.015;0.0008;CDG 
MA0000036469;3646;FCP AVENIR LONG TERME;CFG GESTION;FCP;OMLT;MBI (LT) ;Hebdomadaire;FNPP;Capitalisant;0.03;0.015;0.02;BMCE BANK
MA0000036485;3648;CAT ACTIONS;CIH CAPITAL MANAGEMENT;FCP;Actions;-;Hebdomadaire;FNPP;Capitalisant;0.03;0.015;0.02;BMCI
MA0000036493;3649;FCP CAPITAL MAGHREB           ;BMCE CAPITAL GESTION;FCP;Actions;Masi;Hebdomadaire;FGP;Capitalisant;0.02;0.02;0.02;BMCE BANK OF AFRICA
MA0000036501;3650;FCP CAPITAL MULTI-GESTION     ;BMCE CAPITAL GESTION;FCP;Diversifié;20% MASI + 80% MBI Global;Hebdomadaire;FGP;Capitalisant;0.02;0.02;0.02;BMCE BANK OF AFRICA
MA0000036519;3651;FCP AL IJTIMAÏ SECURITE;BMCE CAPITAL GESTION;FCP;OMLT;MBI (Global) ;Hebdomadaire;FNPP;Capitalisant;0.03;0.015;0.01;BMCE BANK
MA0000036527;3652;AL IJTIMAI INMAA;WAFA GESTION;FCP;OMLT;MBI (Global) ;Hebdomadaire;FNPP;Capitalisant;0.03;0.03;0.02;ATTIJARIWAFA BANK
MA0000036535;3653;FCP AL IJTIMAI SOLIDARITE;CFG GESTION;FCP;OMLT;MBI (Global) ;Hebdomadaire;FNPP;Capitalisant;0.0;0.0;0.02;CDG
MA0000036543;3654;AL IJTIMAI AVENIR;SOGECAPITAL GESTION;FCP;OMLT;MBI Global;Hebdomadaire;FNPP;Capitalisant;0.03;0.015;0.02;SOCIETE GENERALE
MA0000036550;3655;AL IJTIMAI ADDAMANE;UPLINE CAPITAL MANAGEMENT;FCP;OMLT;MBI Global;Hebdomadaire;FNPP;Capitalisant;0.03;0.03;0.02;CDG 
MA0000036568;3656;UPLINE AVENIR;UPLINE CAPITAL MANAGEMENT;FCP;OMLT;40% MBI MT + 60% MBI MLT;Hebdomadaire;FNPP;Capitalisant;0.03;0.03;0.02;BCP
MA0000036592;3659;FCP CAPITAL IMMOBILIER        ;BMCE CAPITAL GESTION;FCP;Actions;10% Indice Sectoriel Immobilier + 10 % Indice Sectoriel Batiments et Matériaux de Construction + 80% MASI;Hebdomadaire;FGP;Capitalisant;0.02;0.02;0.02;BMCE BANK OF AFRICA
MA0000036600;3660;ALIF I;UPLINE CAPITAL MANAGEMENT;FCP;OMLT;50% MBI MT + 50% MBI MLT;Quotidienne;FNPP;Capitalisant;0.03;0.03;0.02;BCP
MA0000036618;3661;UPLINE PERENNITE;UPLINE CAPITAL MANAGEMENT;FCP;Monétaire;50% TMP +  50% MBI CT;Quotidienne;FGP;Distribuant;0.03;0.03;0.02;BCP
MA0000036626;3662;EMERGENCE PERFORMANCE;VALORIS MANAGEMENT;FCP;Actions;Masi;Hebdomadaire;FNPP;Capitalisant;0.03;0.015;0.017;BMCE BANK
MA0000036634;3663;EMERGENCE CROISSANCE;VALORIS MANAGEMENT;FCP;Diversifié;MBI Global (70%)+Masi (30%);Hebdomadaire;FGP;Capitalisant;0.03;0.015;0.017;BMCE BANK
MA0000036642;3664;AXA EPARGNE;CIH CAPITAL MANAGEMENT;FCP;OMLT;MBI (MLT) ;Hebdomadaire;FNPP;Distribuant;0.03;0.015;0.005;BMCI
MA0000036667;3666;AXA CROISSANCE;CIH CAPITAL MANAGEMENT;FCP;OMLT;MBI ;Hebdomadaire;FNPP;Distribuant;0.03;0.015;0.005;BMCI
MA0000036675;3667;FCP CAPITAL OPTIMUM;BMCE CAPITAL GESTION;FCP;Diversifié;MBI (Global) (70%)+MASI RB (30%);Hebdomadaire;FNPP;Capitalisant;0.01;0.01;0.02;BMCE BANK
MA0000036683;3668;FCP MAROC INSTITUTIONS;MAROGEST;FCP;OMLT;MBI (LT) ;Hebdomadaire;FGP;Capitalisant;0.015;0.003;0.01;CIH
MA0000036691;3669;FCP MAROC CREANCES;MAROGEST;FCP;OMLT;MBI (Global) ;Hebdomadaire;FGP;Capitalisant;0.015;0.003;0.01;CIH
MA0000036709;3670;MBS RENDEMENT;WAFA GESTION;FCP;OMLT;Masi (5%)+MBI (MLT) (95%);Hebdomadaire;FNPP;Capitalisant;0.03;0.03;0.02;ATTIJARIWAFA BANK
MA0000036758;3675;FCP CFG CONSTRUCTION;CFG GESTION;FCP;Actions;CFG 25 flottant ;Hebdomadaire;FGP;Capitalisant;0.0085;0.0085;0.02;ATTIJARIWAFA BANK
MA0000036774;3677;AFRICAPITAL LIQUIDITY;AFRICAPITAL MANAGEMENT;FCP;Monétaire;Repo jj capitalisé;Quotidienne;FGP;Capitalisant;0.03;0.03;0.02;ATTIJARIWAFA BANK
MA0000036782;3678;AFRICAPITAL SECURITE;AFRICAPITAL MANAGEMENT;FCP;Diversifié;60% MASI + 40% MBI;Hebdomadaire;FGP;Mixte;0.03;0.03;0.02;ATTIJARIWAFA BANK
MA0000036790;3679;AFRICAPITAL EQUITY;AFRICAPITAL MANAGEMENT;FCP;Actions;MASI;Hebdomadaire;FGP;Mixte;0.03;0.03;0.02;ATTIJARIWAFA BANK
MA0000036832;3683;FCP MOUSTAQBAL CRP;BMCE CAPITAL GESTION;FCP;Diversifié;Masi Rentabilite (25%)+MBI (75%);Hebdomadaire;FNPP;Capitalisant;0.0;0.0;0.006;BMCE BANK
MA0000036840;3684;AFAK CRP;WAFA GESTION;FCP;Diversifié;Masi Rentabilite (25%)+MBI (95%);Hebdomadaire;FNPP;Capitalisant;0.03;0.015;0.02;ATTIJARIWAFA BANK
MA0000036865;3686;AFRICAPITAL BONDS;AFRICAPITAL MANAGEMENT;FCP;OMLT;MBI MLT;Hebdomadaire;FGP;Capitalisant;0.03;0.03;0.02;ATTIJARIWAFA BANK
MA0000036873;3687;AFRICAPITAL CASH;AFRICAPITAL MANAGEMENT;FCP;OCT;MBI CT;Quotidienne;FGP;Capitalisant;0.02;0.02;0.02;ATTIJARIWAFA BANK
MA0000036899;3689;FCP SECURITE RENDEMENT;CIH CAPITAL MANAGEMENT;FCP;OCT;MBI (CT) ;Hebdomadaire;FNPP;Capitalisant;0.03;0.015;0.02;BMCI
MA0000036915;3691;FCP IRGAM OBLIGATAIRE;IRG ASSET MANAGEMENT;FCP;OMLT;100% MBI MLT;Quotidienne;FGP;Capitalisant;0.03;0.015;0.02;ATTIJARIWAFA BANK
MA0000036931;3693;FCP CIMR TANMYA       ;BMCE CAPITAL GESTION;FCP;Actions;Masi Rentabilite ;Hebdomadaire;FNPP;Capitalisant;0.0;0.0;0.01;BMCE BANK
MA0000036998;3699;BOND OPTIMUM;SOGECAPITAL GESTION;FCP;OMLT;100% MBI Global;Hebdomadaire;FNPP;Capitalisant;0.03;0.03;0.02;SOCIETE GENERALE
MA0000037004;3700;SAFAE;CIH CAPITAL MANAGEMENT;FCP;Actions;MASI;Hebdomadaire;FNPP;Mixte;0.03;0.015;0.02;BMCI
MA0000037038;3703;CFG CORPORATE BONDS;CFG GESTION;FCP;OMLT;CFG BONDS MOYEN TERME;Hebdomadaire;FGP;Capitalisant;0.0;0.0;0.02;CFG BANK
MA0000037061;3706;FCP CAPITAL PLUS;BMCE CAPITAL GESTION;FCP;OMLT;MBI Moyen Terme;Hebdomadaire;FGP;Capitalisant;0.02;0.02;0.02;BMCE BANK OF AFRICA
MA0000037079;3707;AD MOROCCAN EQUITY FUND;AD CAPITAL ASSET MANAGEMENT;FCP;Actions;MASI;Hebdomadaire;FGP;Capitalisant;0.03;0.03;0.02;ATTIJARIWAFA BANK
MA0000037087;3708;AD BONDS;AD CAPITAL ASSET MANAGEMENT;FCP;OMLT;MBI a moyen et long terme;Hebdomadaire;FGP;Capitalisant;0.01;0.005;0.01;ATTIJARIWAFA BANK
MA0000037103;3710;IRGAM STRATEGIE;IRG ASSET MANAGEMENT;FCP;Actions;Masi Flottant;Hebdomadaire;FNPP;Distribuant;0.0;0.0;0.02;ATTIJARIWAFA BANK
MA0000037145;3714;CAT DIVERSIFIE;SOGECAPITAL GESTION;FCP;Diversifié;85% MBI Global + 15% MASI;Hebdomadaire;FNPP;Capitalisant;0.03;0.015;0.02;SOCIETE GENERALE
MA0000037152;3715;OBLIGATAIRE PREMIUM;IRG ASSET MANAGEMENT;FCP;OMLT;100% MBI Global;Hebdomadaire;FGP;Capitalisant;0.03;0.015;0.02;ATTIJARIWAFA BANK
MA0000037178;3717;EMERGENCE OBLIGATIONS;VALORIS MANAGEMENT;FCP;OMLT;MBI Global;Hebdomadaire;FNPP;Capitalisant;0.03;0.015;0.02;ATTIJARIWAFA BANK
MA0000037194;3719;ATLAS AMBITION;ATLAS CAPITAL MANAGEMENT;FCP;Actions;MASI;Hebdomadaire;FGP;Capitalisant;0.03;0.015;0.02;ATTIJARIWAFA BANK
MA0000037210;3721;ATLAS SERENITE;ATLAS CAPITAL MANAGEMENT;FCP;OMLT;MBI;Hebdomadaire;FGP;Capitalisant;0.01;0.005;0.01;ATTIJARIWAFA BANK
MA0000037301;3730;MAROC OPPORTUNITE;SOGECAPITAL GESTION;FCP;OMLT;50%  MBI (Global) + 50% MASI;Hebdomadaire;FNPP;Capitalisant;0.03;0.015;0.02;SOCIETE GENERALE
MA0000037319;3731;CAPITAL TRUST OBLIGATAIRE;CAPITAL TRUST GESTION;FCP;OMLT;MBI Moyen Terme;Hebdomadaire;FGP;Capitalisant;0.02;0.015;0.02;BMCI
MA0000037343;3734;FCP UPLINE RENDEMENT PLUS;UPLINE CAPITAL MANAGEMENT;FCP;OMLT;-;Hebdomadaire;FGP;Capitalisant;0.2;0.07;0.02;BCP
MA0000037392;3739;FCP CAPITAL  OBLIGATIONS BANQUES         ;BMCE CAPITAL GESTION;FCP;OCT;90% MBI CT + 10% MBI MT;Quotidienne;FGP;Capitalisant;0.01;0.01;0.01;BMCE BANK OF AFRICA
MA0000037418;3741;CAT OBLI FRONTIERES;CIH CAPITAL MANAGEMENT;FCP;OMLT;MBI;Hebdomadaire;FNPP;Capitalisant;0.03;0.015;0.02;BMCI
MA0000037426;3742;FCP CIMR PATRIMOINE;UPLINE CAPITAL MANAGEMENT;FCP;Actions;MASI;Hebdomadaire;FNPP;Capitalisant ;0.03;0.03;0.02;BCP
MA0000037434;3743;ATLAS SELECTION;ATLAS CAPITAL MANAGEMENT;FCP;Actions;MASI;Hebdomadaire;FGP;Capitalisant;0.03;0.015;0.02;ATTIJARIWAFA BANK
MA0000037442;3744;FCP CAPITAL IMTIYAZ TRESORERIE;BMCE CAPITAL GESTION;FCP;Monétaire;MONIA Capitalisé;Quotidienne;FGP;Capitalisant;0.01;0.01;0.01;BMCE BANK OF AFRICA
MA0000037467;3746;MSIN ACTIONS;MAROGEST;FCP;Actions;MASI;Hebdomadaire;FGP;Capitalisant;0.02;0.02;0.02;CIH
MA0000037475;3747;EMERGENCE SERENITE;VALORIS MANAGEMENT;FCP;OMLT;MBI Global;Hebdomadaire;FGP;Capitalisant;0.03;0.015;0.02;CDG Capital
MA0000037491;3749;INSTIOBLIGATIONS;CIH CAPITAL MANAGEMENT;FCP;OMLT;MBI Moyen Terme;Hebdomadaire;FGP;Capitalisant;0.0;0.0;0.02;BMCI
MA0000037509;3750;INSTIOBLIGATIONS ETAT;CIH CAPITAL MANAGEMENT;FCP;OMLT;MBI;Hebdomadaire;FGP;Capitalisant;0.03;0.015;0.02;BMCI
MA0000037517;3751;CFG TRESOCORP;CFG GESTION;FCP;Monétaire;CFG Bonds Monétaire;Quotidienne;FGP;Capitalisant;0.005;0.005;0.004;CFG BANK
MA0000037541;3754;CFG RENTABILITE;CFG GESTION;FCP;Actions;CFG 25 flottant;Hebdomadaire;FGP;Distribuant;0.0045;0.0045;0.02;CFG BANK
MA0000037558;3755;FCP CIMR MONETAIRE PLUS;UPLINE CAPITAL MANAGEMENT;FCP;OCT;MBI CT;Quotidienne;FNPP;Capitalisant;0.03;0.03;0.02;BCP
MA0000037566;3756;CIMR MONETAIRE ;CIH CAPITAL MANAGEMENT;FCP;Monétaire;Taux monétaire interbancaire au jour le jour;Quotidienne;FNPP;Capitalisant;0.03;0.015;0.02;BMCI
MA0000037574;3757;CMR BONDS;UPLINE CAPITAL MANAGEMENT;FCP;OMLT;100% MBI MT + 25 pbs;Hebdomadaire;FNPP;Capitalisant;0.03;0.03;0.02;BCP
MA0000037582;3758;CMR SANADATE;BMCE CAPITAL GESTION;FCP;OMLT;50% MBI MT + 50% MBI MLT + 25pbs;Hebdomadaire;FNPP;Capitalisant;0.03;0.03;0.02;BMCE BANK
MA0000037590;3759;CMR OBLIGATIONS;SOGECAPITAL GESTION;FCP;OMLT;100% MBI MT + 25 pbs;Hebdomadaire;FNPP;Capitalisant;0.03;0.03;0.02;SOCIETE GENERALE
MA0000037624;3762;AD YIELD FUND ;AD CAPITAL ASSET MANAGEMENT;FCP;OCT;MBI (CT);Quotidienne;FGP;Capitalisant;0.03;0.03;0.02;BMCE BANK
MA0000037632;3763;AD FIXED INCOME FUND ;AD CAPITAL ASSET MANAGEMENT;FCP;Monétaire;MBI CT;Quotidienne;FGP;Capitalisant;0.03;0.03;0.02;BMCE BANK
MA0000037640;3764;AD BALANCED FUND ;AD CAPITAL ASSET MANAGEMENT;FCP;Diversifié;50% MASI + 50% MBI à moyen et long terme;Hebdomadaire;FGP;Capitalisant;0.03;0.03;0.02;BMCE BANK
MA0000037657;3765;CAPITAL TRUST ACTIONS;CAPITAL TRUST GESTION;FCP;Actions;MASI;Hebdomadaire;FGP;Capitalisant;0.02;0.015;0.02;BMCI
MA0000037665;3766;WINEO AMANA;WINEO GESTION;FCP;Diversifié;MBI;Hebdomadaire;FNPP;Capitalisant;0.005;0.0025;0.02;CIH
MA0000037673;3767;FCP CAPITAL MONETAIRE PLUS;BMCE CAPITAL GESTION;FCP;Monétaire;MONIA Capitalisé;Quotidienne;FGP;Capitalisant;0.01;0.005;0.004;BMCE BANK OF AFRICA
MA0000037681;3768;CAPITAL CAT;BMCE CAPITAL GESTION;FCP;OMLT;MBI GLOBAL;Hebdomadaire;FNPP;Mixte;0.0;0.0;0.01;BMCE BANK
MA0000037707;3770;FCP BMCI ISR;CIH CAPITAL MANAGEMENT;FCP;Diversifié;50% MBI MT + 50% MASI;Hebdomadaire;FGP;Capitalisant ;0.002;0.001;0.02;BMCI
MA0000037715;3771;FCP CAPITAL RENDEMENT;BMCE CAPITAL GESTION;FCP;OCT;MBI CT;Quotidienne;FGP;Capitalisant;0.03;0.015;0.01;BMCE BANK OF AFRICA
MA0000037723;3772;CAPITAL COMBO;BMCE CAPITAL GESTION;FCP;OMLT;50% MBI CT + 50% MBI MT;Hebdomadaire;FGP;Capitalisant;0.01;0.005;0.01;BMCE BANK OF AFRICA
MA0000037749;3774;FCP CAPITAL GLOBAL MACRO;BMCE CAPITAL GESTION;FCP;Diversifié;80% MBI Global + 20% MASI;Hebdomadaire;FGP;Capitalisant;0.01;0.005;0.02;BMCE BANK OF AFRICA
MA0000037756;3775;CAPITAL AFRIQUE;BMCE CAPITAL GESTION;FCP;Actions;MASI;Hebdomadaire;FGP;Capitalisant;0.02;0.01;0.02;BMCE BANK OF AFRICA
MA0000037806;3780;EMERGENCE CASH;VALORIS MANAGEMENT;FCP;OMLT;MBI Global;Hebdomadaire;FNPP;Mixte;0.03;0.015;0.02;ATTIJARIWAFA BANK
MA0000037814;3781;CFG CASH SECURE;CFG GESTION;FCP;Monétaire;CFG Bonds monétaire;Quotidienne;FGP;Capitalisant;0.005;0.005;0.006;CFG BANK
MA0000037822;3782;SMART FUND;CFG GESTION;FCP;OMLT;Bons du Trésor 52 sem;Hebdomadaire;FNPP;Capitalisant;0.02;0.02;0.02;BMCE Bank
MA0000037830;3783;CAPITAL TRUST INSTITUTIONS;CAPITAL TRUST GESTION;FCP;OMLT;MBI MT;Hebdomadaire;FGP;Capitalisant;0.02;0.015;0.02;BMCE Bank
MA0000037871;3787;IRGAM OBLIRENDEMENT;IRG ASSET MANAGEMENT;FCP;OMLT;MBI Global;Hebdomadaire;FGP;Capitalisant;0.03;0.015;0.02;ATTIJARIWAFA BANK
MA0000037889;3788;IRGAM OBLIBANQUES;IRG ASSET MANAGEMENT;FCP;OCT;MBI CT;Quotidienne;FGP;Capitalisant;0.03;0.015;0.02;BMCE BANK
MA0000037939;3793;ATTIJARI FINANCES CORP RENDEMENT;WAFA GESTION;FCP;Diversifié;75% MBI MLT + 25% MASI;Hebdomadaire;FGP;Mixte;0.0;0.0;0.02;ATTIJARIWAFA BANK
MA0000037947;3794;FCP CAPITAL LONG/SHORT;BMCE CAPITAL GESTION;FCP;Diversifié;MONIA Capitalisé +50 pts de base;Hebdomadaire;FGP;Capitalisant;0.01;0.005;0.02;BMCE BANK OF AFRICA
MA0000037954;3795;CAPITAL TRUST TRESORERIE;CAPITAL TRUST GESTION;FCP;Monétaire;Taux Repo ;Quotidienne;FGP;Capitalisant;0.02;0.015;0.02;ATTIJARIWAFA BANK
MA0000037988;3798;CAPITAL TRUST DIVERSIFIE;CAPITAL TRUST GESTION;FCP;Diversifié;70% MBI Global et 30% MASI;Hebdomadaire;FGP;Capitalisant;0.02;0.015;0.02;BCP
MA0000037996;3799;CAPITAL TRUST RENDEMENT;CAPITAL TRUST GESTION;FCP;OMLT;MBI Global;Hebdomadaire;FGP;Capitalisant;0.02;0.015;0.02;BCP
MA0000038002;3800;CFG LIQUID BONDS;CFG GESTION;FCP;OCT;CFG BONDS CT;Quotidienne;FGP;Capitalisant;0.0;0.0;0.01;CFG BANK
MA0000038069;3806;CAPITAL TRUST DYNAMIQUE;CAPITAL TRUST GESTION;FCP;Actions;MASI;Hebdomadaire;FGP;Capitalisant;0.03;0.015;0.02;ATTIJARIWAFA BANK
MA0000038093;3809;FCP EMERGENCE DIVERSIFIE;VALORIS MANAGEMENT;FCP;Diversifié;80% MBI Global + 20% MASI;Hebdomadaire;FNPP;Mixte;0.03;0.015;0.02;BMCE BANK
MA0000038135;3813;CAPITAL EQUILIBRE;BMCE CAPITAL GESTION;FCP;Diversifié;75%MBI + 25% MASI;Hebdomadaire;FNPP;Capitalisant;0.03;0.03;0.02;BMCE BANK
MA0000038143;3814;CFG Profil Equilibré;CFG GESTION;FCP;Diversifié;25% CFG 25f  et 75% MBI MT;Quotidienne;FGP;Capitalisant;0.002;0.001;0.02;CFG BANK
MA0000038184;3818;CFG Profil Dynamique;CFG GESTION;FCP;Diversifié;40% CFG 25 et 60% MBI Global;Quotidienne;FGP;Capitalisant;0.002;0.002;0.02;CFG BANK
MA0000038226;3822;FCP INTIMAE-FM;UPLINE CAPITAL MANAGEMENT;FCP;Diversifié;60% MBI MT+25% MBI LT+15% MASI RB;Hebdomadaire;FNPP;Mixte;0.03;0.03;0.02;BCP
MA0000038242;3824;FCP AMAN-FM;BMCE CAPITAL GESTION;FCP;Diversifié;60% MBI MT+25% MBI LT+15% MASI RB;Hebdomadaire;FNPP;Capitalisant;0.0;0.0;0.02;BMCE BANK
MA0000038275;3827;CAPITAL TRUST ALLOCATION;CAPITAL TRUST GESTION;FCP;Diversifié;20% MASI, 40% MBI MT et 40% MBI MLT;Hebdomadaire;FGP;Capitalisant ;0.03;0.015;0.02;BMCI
MA0000038291;3829;ATLAS PERFORMANCE;ATLAS CAPITAL MANAGEMENT;FCP;Diversifié;25% MASI RB + 75 % MBI Global;Hebdomadaire;FGP;Mixte;0.03;0.03;0.02;CIH
MA0000038341;3834;OBLIG INSTITUTIONS;IRG ASSET MANAGEMENT;FCP;OMLT;MBI Global;Hebdomadaire;FGP;Capitalisant;0.03;0.015;0.02;CDG Capital
MA0000038366;3836;FCP CAPITAL OBLIGATIONS;BMCE CAPITAL GESTION;FCP;OMLT;MBI Global;Hebdomadaire;FGP;Capitalisant;0.02;0.02;0.01;BMCE BANK OF AFRICA
MA0000038374;3837;FCP CAPITAL OPPORTUNITE;BMCE CAPITAL GESTION;FCP;Diversifié;75% MBI + 25% MASI.;Hebdomadaire;FGP;Capitalisant;0.03;0.03;0.02;BMCE BANK OF AFRICA
MA0000038408;3840;FCP ALPHA PERFORMANCE FUND;RED MED ASSET MANAGEMENT;FCP;Diversifié;70% MBI Global et 30% MASI;Hebdomadaire;FGP;Capitalisant;0.02;0.02;0.02;BCP
MA0000038424;3842;FCP AFRICAPITAL DIVERSIFIE;AFRICAPITAL MANAGEMENT;FCP;Diversifié;50% MBI MLT + 50% MASI;Hebdomadaire;FGP;Capitalisant;0.03;0.03;0.02;ATTIJARIWAFA BANK
MA0000038457;3845;Winéo Équinoxe;WINEO GESTION;FCP;Actions;MASI;Hebdomadaire;FNPP;Mixte;0.03;0.03;0.02;CIH
MA0000038481;3848;SCR RENDEMENT;WAFA GESTION;FCP;Diversifié;MBI (MT) (50%)+MBI (MLT) (50%);Hebdomadaire;FNPP;Capitalisant;0.03;0.03;0.02;ATTIJARIWAFA BANK
MA0000038499;3849;UPLINE SECURE PLUS;UPLINE CAPITAL MANAGEMENT;FCP;OMLT;100 % MBI MT;Hebdomadaire;FGP;Mixte;0.03;0.03;0.02;BCP
MA0000038515;3851;UPLINE OBLIG DYNAMIQUE;UPLINE CAPITAL MANAGEMENT;FCP;OCT;62 % TMP + 35% MBI MT;Hebdomadaire;FGP;Mixte;0.03;0.03;0.02;BCP
MA0000038549;3854;CAPITAL TRUST HARMONIE;CAPITAL TRUST GESTION;FCP;OMLT;MBI;Hebdomadaire;FGP;Capitalisant ;0.03;0.015;0.02;BCP
MA0000038564;3856;FCP EMERGENCE SELECTION;VALORIS MANAGEMENT;FCP;Actions;MASI;Hebdomadaire;FNPP;Mixte;0.03;0.015;0.02;ATTIJARIWAFA BANK
MA0000038572;3857;FCP EMERGENCE ALLOCATION;VALORIS MANAGEMENT;FCP;Diversifié;80% MBI Global + 20% MASI;Hebdomadaire;FNPP;Mixte;0.03;0.015;0.02;CDG Capital
MA0000038580;3858;CAPITAL TRUST PERFORMANCE;CAPITAL TRUST GESTION;FCP;Diversifié;80% MBI Global + 20% MASI;Hebdomadaire;FGP;Capitalisant;0.03;0.015;0.02;ATTIJARIWAFA BANK
MA0000038598;3859;FH2 OBLIGATAIRE DYNAMIQUE;UPLINE CAPITAL MANAGEMENT;FCP;OMLT;100% MBI;Hebdomadaire;FNPP;Mixte;0.0;0.0;0.02;BCP
MA0000038614;3861;TWIN BOND;TWIN CAPITAL GESTION;FCP;OMLT;MBI MT;Hebdomadaire;FGP;Capitalisant;0.0;0.0;0.01;CFG BANK
MA0000038622;3862;CT SECUR RENDEMENT;CAPITAL TRUST GESTION;FCP;OMLT;MBI Global;Hebdomadaire;FNPP;Capitalisant;0.0;0.0;0.02;CDG
MA0000038630;3863;AC SECUR RENDEMENT;AFRICAPITAL MANAGEMENT;FCP;OMLT;MBI Global;Hebdomadaire;FNPP;Capitalisant;0.0;0.0;0.02;CDG
MA0000038648;3864;FCP RM SECUR RENDEMENT;RED MED ASSET MANAGEMENT;FCP;OMLT;MBI Global;Hebdomadaire;FNPP;Capitalisant;0.0;0.0;0.02;CDG
MA0000038663;3866;IRG SECUR RENDEMENT;IRG ASSET MANAGEMENT;FCP;OMLT;MBI Global;Hebdomadaire;FNPP;Capitalisant;0.0;0.0;0.02;CDG
MA0000038671;3867;FCP CAPITAL OBLIGATIONS PLUS;BMCE CAPITAL GESTION;FCP;OMLT;MBI MT;Hebdomadaire;FNPP;Capitalisant;0.02;0.02;0.02;BMCE BANK OF AFRICA
MA0000038689;3868;FCP CAPITAL SECURITE;BMCE CAPITAL GESTION;FCP;OMLT;MBI MT;Hebdomadaire;FNPP;Capitalisant;0.02;0.02;0.02;BMCE BANK OF AFRICA
MA0000038697;3869;FCP CAPITAL SERENITE       ;BMCE CAPITAL GESTION;FCP;OMLT;MBI MT;Hebdomadaire;FNPP;Capitalisant;0.02;0.02;0.02;BMCE BANK
MA0000038705;3870;FCP AL KHEIR;CIH CAPITAL MANAGEMENT;FCP;Diversifié;-;Hebdomadaire;FNPP;Capitalisant;0.0;0.0;0.02;BMCI
MA0000038713;3871;OBLIGATAIRE PLUS;ATLAS CAPITAL MANAGEMENT;FCP;OMLT;MBI;Hebdomadaire;FGP;Capitalisant;0.03;0.03;0.02;BMCE BANK
MA0000038721;3872;LMV EQUITY INVEST;SOGECAPITAL GESTION;FCP;Actions;Masi Rentabilité;Hebdomadaire;FNPP;Mixte;0.03;0.02;0.02;SOCIETE GENERALE
MA0000038788;3878;FCP EV CAT;VALORIS MANAGEMENT;FCP;OMLT;MBI Global;Hebdomadaire;FNPP;Capitalisant;0.03;0.015;0.02;CIH
MA0000038796;3879;AWALI;UPLINE CAPITAL MANAGEMENT;FCP;OMLT;95% MBI MLT + 5% MASI Flottant;Hebdomadaire;FNPP;Mixte;0.0;0.0;0.02;BCP
MA0000038804;3880;MUTUELLE PREVOYANCE PLUS - MPBP;UPLINE CAPITAL MANAGEMENT;FCP;OMLT;50% MBI MT + 50% MBI MLT;Hebdomadaire;FNPP;Mixte;0.0;0.0;0.02;BCP
MA0000038838;3883;AXA Perspectives;CFG GESTION;FCP;Diversifié;60% MBI Global + 40% MASI rentabilité Brute.;Hebdomadaire;FNPP;Mixte;0.0;0.0;0.02;CFG BANK
MA0000038887;3888;WG CAPITAL;WAFA GESTION;FCP;Actions;100% Masi Rentabilité Brut;Hebdomadaire;FNPP;Mixte;0.03;0.015;0.02;ATTIJARIWAFA BANK
MA0000038911;3891;UPLINE DIVERSIFIE;UPLINE CAPITAL MANAGEMENT;FCP;Diversifié;70% MBI + 30% MASI;Hebdomadaire;FGP;Mixte;0.03;0.03;0.02;BCP
MA0000038937;3893;FCP ALPHA RENDEMENT;RED MED ASSET MANAGEMENT;FCP;OMLT;MBI Global;Hebdomadaire;FNPP;Mixte;0.0;0.0;0;BCP
MA0000039026;3902;FCP CAPITAL ACTIONS PREMIUM;BMCE CAPITAL GESTION;FCP;Actions;MASI;Hebdomadaire;FNPP;Mixte;0.0;0.0;0.02;BMCE BANK OF AFRICA
MA0000039034;3903;FH2 ACTIONS;BMCE CAPITAL GESTION;FCP;Actions;MASI RB;Quotidienne;FNPP;Mixte;0.0;0.0;0.02;BMCE BANK OF AFRICA
MA0000039059;3905;WG VALEURS;WAFA GESTION;FCP;Actions;100% MASI RB;Quotidienne;FGP;Mixte;0.0;0.0;0.01;ATTIJARIWAFA BANK
MA0000039067;3906;WG TAYSSIR;WAFA GESTION;FCP;Actions;100% MASI RB;Hebdomadaire;FGP;Capitalisant;0.0;0.0;0.01;ATTIJARIWAFA BANK
MA0000039083;3908;FCP OBLIG LONG TERM;IRG ASSET MANAGEMENT;FCP;OMLT;80% MBI MLT+20% MBI LT;Hebdomadaire;FGP;Capitalisant;0.03;0.015;0.02;ATTIJARIWAFA BANK
MA0000039109;3910;UPLINE PROTECTION DYNAMIQUE;UPLINE CAPITAL MANAGEMENT;FCP;Diversifié;-;Hebdomadaire;FGP;Capitalisant;0.03;0.03;0.02;BCP
MA0000039133;3913;CKG ISR SELECTION;CDG CAPITAL GESTION;FCP;Actions;ESG 10;Hebdomadaire;FGP;Capitalisant;0.03;0.015;0.02;CDG Capital
MA0000039158;3915;AD COMPACT OBLIGATAIRE;AD CAPITAL ASSET MANAGEMENT;FCP;OMLT;100% MBI Global;Hebdomadaire;FGP;Capitalisant;0.03;0.03;0.02;CFG BANK
MA0000039166;3916;CAPITAL TRUST PATRIMOINE;CAPITAL TRUST GESTION;FCP;Diversifié;25%MASI+30%MBI Global+45%MBI MLT;Hebdomadaire;FGP;Capitalisant;0.03;0.015;0.02;BCP
MA0000039182;3918;AD SECUR RENDEMENT;AD CAPITAL ASSET MANAGEMENT;FCP;OMLT;100% MBI Global;Hebdomadaire;FNPP;Capitalisant;0.0;0.0;0.02;CDG
MA0000039190;3919;TWIN BOND TRESOR;TWIN CAPITAL Gestion;FCP;OMLT;100% MBI Global;Hebdomadaire;FGP;Capitalisant;0.0;0.0;0.01;CFG BANK
MA0000039208;3920;TWIN OPPORTUNITY;TWIN CAPITAL Gestion;FCP;Diversifié;30% MASI + 70% MBI;Hebdomadaire;FGP;Capitalisant;0.015;0.015;0.015;CFG BANK
MA0000039216;3921;CAPITAL ISR;BMCE CAPITAL GESTION;FCP;Diversifié;75% MBI Global + 25% MASI;Hebdomadaire;FGP;Capitalisant;0.02;0.01;0.02;BMCE BANK
MA0000039224;3922;IRGAM ALLOCATION;IRG ASSET MANAGEMENT;FCP;Diversifié;40 % Masi RB + 60 % MBI Global.;Hebdomadaire;FNPP;Mixte;0.0;0.0;0.02;ATTIJARIWAFA BANK
MA0000039232;3923;CAPITAL RENDEMENT PLUS;BMCE CAPITAL GESTION;FCP;OMLT;100% MBI Global;Hebdomadaire;FGP;Mixte;0.02;0.01;0.02;BMCE BANK OF AFRICA
MA0000039240;3924;AFG SECUR RENDEMENT;AFG ASSET MANAGEMENT;FCP;OMLT;100% MBI Global;Hebdomadaire;FNPP;Capitalisant;0.0;0.0;0.02;CDG
MA0000039299;3929;WINEO SECUR RENDEMENT;WINEO GESTION;FCP;OMLT;100% MBI Global;Hebdomadaire;FNPP;Capitalisant;0.0;0.0;0.02;CDG
MA0000039315;3931;CFG Opportunités;CFG GESTION;FCP;Diversifié;80% MBI Global + 20% MASI;Hebdomadaire;FNPP;Mixte;0.0;0.0;0.02;CFG BANK
MA0000039349;3934;SECURITIES PERFORMANCE;UPLINE CAPITAL MANAGEMENT;FCP;Diversifié;75% MBI + 25% MASI RB;Hebdomadaire;FNPP;Mixte;0.0;0.0;0.02;BCP
MA0000039380;3938;ATLAS HARMONIE;ATLAS CAPITAL MANAGEMENT;FCP;OMLT;MBI Global;Hebdomadaire;FNPP;Capitalisant;0.03;0.03;0.02;CIH
MA0000039398;3939;IRGAM DISTRIEQUILIBRE;IRG ASSET MANAGEMENT;FCP;Diversifié;30% MASI FLOTTANT + 70% MBI GLOBAL;Hebdomadaire;FGP;Mixte;0.03;0.015;0.02;BCP
MA0000039406;3940;IRGAM DISTRIEQUITY;IRG ASSET MANAGEMENT;FCP;Actions;100% MASI;Hebdomadaire;FGP;Mixte;0.03;0.015;0.02;BCP
MA0000039422;3942;FCP EMERGENCE PERSPECTIVES;VALORIS MANAGEMENT;FCP;Diversifié;80% MBI Global + 20% MASI RB;Hebdomadaire;FNPP;Capitalisant;0.0;0.0;0.02;SOCIETE GENERALE
MA0000039489;3948;UNIVERS DIVERSIFIE;WAFA GESTION;FCP;Diversifié;30% MASI RB + 70% MBI MLT;Hebdomadaire;FNPP;Mixte;0.0;0.0;0.02;ATTIJARIWAFA BANK
MA0000039505;3950;GENERATION PERFORMANCE;UPLINE CAPITAL MANAGEMENT;SICAV;OMLT;MBI Global + 50 pbs;Hebdomadaire;FNPP;Capitalisant;0.0;0.0;0.02;BCP
MA0000039521;3952;MAROGEST SECUR RENDEMENT;MAROGEST;FCP;OMLT;100% MBI Global;Hebdomadaire;FNPP;Capitalisant;0.0;0.0;0.02;CDG
MA0000039539;3953;ATTIJARI PRIVATE FUND;WAFA GESTION;FCP;Diversifié;50% MASI RB + 50% MBI Global;Hebdomadaire;FGP;Mixte;0.02;0.02;0.02;ATTIJARIWAFA BANK
MA0000040008;4000;CNIA ASSURE;CDG CAPITAL GESTION;FCP;OMLT;MBI (MLT) ;Hebdomadaire;FNPP;Capitalisant;0.0;0.0;0.02;CDG Capital
MA0000040040;4004;UPLINE ACTIONS;UPLINE CAPITAL MANAGEMENT;FCP;Actions;-;Quotidienne;FGP;Capitalisant;0.03;0.015;0.02;BCP
MA0000040057;4005;AL ISTITMAR CHAABI DIVERSIFIE;UPLINE CAPITAL MANAGEMENT;FCP;Diversifié;60% MASI +40% MBI;Hebdomadaire;FGP;Capitalisant;0.01;0.003;0.018;BCP
MA0000040073;4007;FCP ALISTITMAR CHAABI ACTIONS;UPLINE CAPITAL MANAGEMENT;FCP;Actions;MASI;Hebdomadaire;FGP;Capitalisant;0.015;0.01;0.018;BCP
MA0000040081;4008;FCP KENZ ACTIONS;UPLINE CAPITAL MANAGEMENT;FCP;Actions;MASI;Hebdomadaire;FGP;Capitalisant;0.015;0.01;0.01;BCP
MA0000040099;4009;ASSANAD CHAABI;UPLINE CAPITAL MANAGEMENT;FCP;OMLT;80% MBI MLT+20% MBI LT;Hebdomadaire;FGP;Mixte;0.03;0.03;0.01;BCP
MA0000040115;4011;FCP KENZ OBLIGATIONS;UPLINE CAPITAL MANAGEMENT;FCP;OMLT;30% MBI MT + 70% MBI MLT;Hebdomadaire;FGP;Mixte;0.03;0.03;0.008;BCP
MA0000040131;4013;FCP UPLINE BALANCED FUND;UPLINE CAPITAL MANAGEMENT;FCP;Diversifié;70% MBI + 30% MASI;Hebdomadaire;FNPP;Mixte;0.0;0.0;0.02;BCP
MA0000040156;4015;ATTIJARI AL MOUCHARAKA;WAFA GESTION;FCP;Actions;Masi ;Hebdomadaire;FGP;Capitalisant;0.03;0.015;0.02;ATTIJARIWAFA BANK
MA0000040164;4016;PROFIL SERENITE;WAFA GESTION;FCP;OMLT;-;Hebdomadaire;FGP;Capitalisant;0.01;0.0;0.01;ATTIJARIWAFA BANK
MA0000040172;4017;PROFIL HARMONIE;WAFA GESTION;FCP;Diversifié;-;Hebdomadaire;FGP;Capitalisant;0.015;0.0025;0.015;ATTIJARIWAFA BANK
MA0000040180;4018;OBLIDYNAMIC;WAFA GESTION;FCP;OCT;MBI CT;Quotidienne;FGP;Capitalisant;0.03;0.015;0.02;ATTIJARIWAFA BANK
MA0000040198;4019;PATRIMOINE AL MOUSSAHAMA;WAFA GESTION;FCP;Actions;-;Hebdomadaire;FGP;Capitalisant;0.03;0.01;0.02;ATTIJARIWAFA BANK
MA0000040214;4021;PATRIMOINE OBLIGATIONS;WAFA GESTION;FCP;OMLT;-;Hebdomadaire;FGP;Capitalisant;0.03;0.015;0.02;ATTIJARIWAFA BANK
MA0000040222;4022;WAFA ASSURANCE SECURITE;WAFA GESTION;FCP;OMLT;-;Hebdomadaire;FNPP;Distribuant;0.03;0.015;0.02;ATTIJARIWAFA BANK
MA0000040255;4025;PROFIL DYNAMIQUE;WAFA GESTION;FCP;Actions;-;Hebdomadaire;FGP;Capitalisant;0.02;0.005;0.02;ATTIJARIWAFA BANK
MA0000040263;4026;ATTIJARI SECURITE;WAFA GESTION;FCP;OMLT;MBI (MT) ;Hebdomadaire;FGP;Capitalisant;0.03;0.015;0.02;ATTIJARIWAFA BANK
MA0000040289;4028;GROUPE MCMA-MAMDA OPTIMISATION;WAFA GESTION;FCP;OMLT;-;Hebdomadaire;FNPP;Capitalisant;0.03;0.015;0.02;ATTIJARIWAFA BANK
MA0000040297;4029;WAFA ASSURANCE STRATEGIE;WAFA GESTION;FCP;Actions;-;Hebdomadaire;FNPP;Distribuant;0.03;0.015;0.02;ATTIJARIWAFA BANK
MA0000040305;4030;WAFA ASSURANCE OPTIMISATION;WAFA GESTION;FCP;Diversifié;-;Hebdomadaire;FNPP;Distribuant;0.03;0.015;0.02;ATTIJARIWAFA BANK
MA0000040313;4031;FCP CAP INSTITUTIONS;WAFA GESTION;FCP;OCT;MBI CT;Quotidienne;FGP;Capitalisant;0.001;0.0;0.007;ATTIJARIWAFA BANK
MA0000040347;4034;PATRIMOINE ACTIONS;WAFA GESTION;FCP;Actions;-;Quotidienne;FGP;Capitalisant;0.03;0.015;0.02;ATTIJARIWAFA BANK
MA0000040354;4035;WG DYNAMIC;WAFA GESTION;FCP;Diversifié;75% MBI MT + 25% MASI;Hebdomadaire;FGP;Capitalisant;0.03;0.015;0.02;ATTIJARIWAFA BANK
MA0000040362;4036;FCP CAT VALEURS;WAFA GESTION;FCP;OMLT;-;Hebdomadaire;FNPP;Capitalisant;0.03;0.015;0.02;ATTIJARIWAFA BANK
MA0000040370;4037;WAFA ASSURANCE EXPANSION;WAFA GESTION;FCP;Actions;-;Hebdomadaire;FNPP;Distribuant;0.03;0.015;0.02;ATTIJARIWAFA BANK
MA0000040388;4038;WG OBLIGATIONS;WAFA GESTION;FCP;OMLT;100% MBI MOYEN TERME;Quotidienne;FGP;Mixte;0.0;0.0;0.0125;ATTIJARIWAFA BANK
MA0000040396;4039;OBLITOP;WAFA GESTION;FCP;OCT;MBI CT;Quotidienne;FGP;Capitalisant;0.01;0.0;0.01;ATTIJARIWAFA BANK
MA0000040453;4045;ATLANTA PERFORMANCE;CDG CAPITAL GESTION;FCP;OMLT;MBI (Global);Hebdomadaire;FNPP;Capitalisant;0.03;0.015;0.02;CDG Capital
MA0000040461;4046;CDG OBLIGATIONS;CDG CAPITAL GESTION;FCP;OMLT;MBI (MT) (40%)+MBI (MLT) (60%);Hebdomadaire;FNPP;Capitalisant;0.03;0.015;0.02;CDG Capital
MA0000040495;4049;CAP SECURIVALO;WAFA GESTION;FCP;OMLT;MBI (MLT) ;Hebdomadaire;FNPP;Capitalisant;0.03;0.015;0.02;ATTIJARIWAFA BANK
MA0000040503;4050;FCP CKG BONDS;CDG CAPITAL GESTION;FCP;OMLT;MBI MLT (Moyen Long Terme);Quotidienne;FGP;Capitalisant;0.03;0.015;0.01;CDG
MA0000040529;4052;CDG SOLIDARITE;CDG CAPITAL GESTION;FCP;OMLT;MBI (Global);Hebdomadaire;FGP;Capitalisant;0.0;0.0;0.01;CDG Capital
MA0000040545;4054;CDG OBLIG PLUS;CDG CAPITAL GESTION;FCP;OMLT;MBI (MLT) ;Hebdomadaire;FNPP;Capitalisant;0.03;0.015;0.02;CDG Capital
MA0000040560;4056;ELAN SOLIDARITE;WAFA GESTION;FCP;OMLT;MBI (Global) ;Hebdomadaire;FNPP;Capitalisant;0.0;0.0;0.01;ATTIJARIWAFA BANK
MA0000040578;4057;CDG RENDEMENT;CDG CAPITAL GESTION;FCP;OMLT;MBI (MLT) (95%)+Masi (5%);Hebdomadaire;FGP;Capitalisant;0.03;0.015;0.02;CDG Capital
MA0000040586;4058;FCP EDUCATION;CDG CAPITAL GESTION;FCP;OMLT;MBI (MLT) (95%)+Masi (5%);Hebdomadaire;FNPP;Capitalisant;0.03;0.015;0.02;CDG Capital
MA0000040602;4060;CDG BONDS DYNAMIQUE;CDG CAPITAL GESTION;FCP;OMLT;MBI (Global);Hebdomadaire;FGP;Capitalisant;0.03;0.015;0.02;CDG Capital
MA0000040610;4061;FH2 ACTIONS II;CDG CAPITAL GESTION;FCP;Actions;MASI Rentabilité Brute;Quotidienne;FNPP;Capitalisant;0.03;0.015;0.02;CDG Capital
MA0000040644;4064;CAT EVOLUTION;CDG CAPITAL GESTION;FCP;Diversifié;MBI (Global) (85%)+Masi (23%);Hebdomadaire;FNPP;Capitalisant;0.03;0.015;0.02;CDG Capital
MA0000040651;4065;ATLANTA AVENIR;CDG CAPITAL GESTION;FCP;Actions;CFG 25 flottant ;Hebdomadaire;FNPP;Capitalisant;0.03;0.015;0.02;CDG Capital
MA0000040669;4066;AXA OBLIG;CDG CAPITAL GESTION;FCP;OMLT;MBI Global;Hebdomadaire;FNPP;Capitalisant;0.03;0.015;0.02;CDG Capital
MA0000040693;4069;CDG OBLIG SELECTION;CDG CAPITAL GESTION;FCP;OMLT;MBI (MT) (80%)+MBI (MLT) (20%);Hebdomadaire;FGP;Capitalisant;0.03;0.015;0.012;CDG Capital
MA0000040701;4070;CNIA AVENIR;CDG CAPITAL GESTION;FCP;Diversifié;MBI (Global) (50%)+Masi (50%);Hebdomadaire;FNPP;Capitalisant;0.03;0.015;0.02;CDG Capital
MA0000040719;4071;RMA DYNAMIQUE;RMA ASSET MANAGEMENT;FCP;Actions;100% MASI;Hebdomadaire;FGP;Distribuant;0.03;0.03;0.02;BMCE BANK
MA0000040727;4072;RMA EQUITY MARKET;RMA ASSET MANAGEMENT;FCP;Actions;100% MASI;Hebdomadaire;FGP;Capitalisant;0.03;0.03;0.02;BMCE BANK
MA0000040735;4073;RMA EXPANSION;RMA ASSET MANAGEMENT;FCP;Actions;100% MASI;Hebdomadaire;FGP;Distribuant;0.03;0.03;0.02;BMCE BANK
MA0000040743;4074;RMA OBLIGATIONS;RMA ASSET MANAGEMENT;FCP;OMLT;50% MBI (MLT) + 50% MBI (LT);Hebdomadaire;FGP;Distribuant;0.03;0.03;0.02;BMCE BANK
MA0000040750;4075;FCP OPPORTUNITES;CDG CAPITAL GESTION;FCP;Actions;100% MASI;Hebdomadaire;FNPP;Capitalisant;0.03;0.015;0.02;CDG Capital
MA0000040784;4078;FCP SECURITE;CDG CAPITAL GESTION;FCP;OMLT;5% MASI Rentablitie;Hebdomadaire;FNPP;Capitalisant;0.03;0.015;0.02;CDG Capital
MA0000040818;4081;FCP AL IDDIKHAR CHAABI ACTIONS;UPLINE CAPITAL MANAGEMENT;FCP;Actions;MASI;Hebdomadaire;FGP;Capitalisant;0.03;0.015;0.02;BCP
MA0000040826;4082;FCP AL BADIL CHAABI ASHOUM;UPLINE CAPITAL MANAGEMENT;FCP;Actions;MASI;Hebdomadaire;FGP;Capitalisant;0.015;0.015;0.02;BCP
MA0000040842;4084;CDG MULTIGESTION;CDG CAPITAL GESTION;FCP;Diversifié;MBI (Global) (85%)+Masi (15%);Hebdomadaire;FGP;Capitalisant;0.03;0.015;0.02;CDG Capital
MA0000040859;4085;CDG OBLIG PREMIUM;CDG CAPITAL GESTION;FCP;OMLT;MBI (MT) (80%)+MBI (MLT) (20%);Hebdomadaire;FGP;Capitalisant;0.03;0.015;0.02;CDG Capital
MA0000040941;4094;RMA RENDEMENT PLUS;RMA ASSET MANAGEMENT;FCP;OMLT;100% MBI (MLT) ;Hebdomadaire;FGP;Distribuant;0.03;0.03;0.02;BMCE BANK
MA0000040958;4095;RMA MULTISTRATEGIES;RMA ASSET MANAGEMENT;FCP;Actions;100% MASI;Hebdomadaire;FGP;Distribuant;0.03;0.03;0.02;BMCE BANK
MA0000040966;4096;RMA PERFORMANCE;RMA ASSET MANAGEMENT;FCP;Actions;100% MASI;Hebdomadaire;FGP;Distribuant;0.03;0.03;0.02;BMCE BANK
MA0000040974;4097;FORCE MUTUELLE;CDG CAPITAL GESTION;FCP;OMLT;MBI (Global) ;Hebdomadaire;FNPP;Distribuant;0.03;0.015;0.02;CDG
MA0000040982;4098;CDG CITOYENNETE;CDG CAPITAL GESTION;FCP;OMLT;MBI (Global) ;Hebdomadaire;FNPP;Capitalisant;0.0;0.015;0.01;CDG Capital
MA0000040990;4099;AL IJTIMAI SERENITE;CDG CAPITAL GESTION;FCP;OMLT;MBI (Global) ;Hebdomadaire;FNPP;Capitalisant;0.03;0.015;0.02;CDG
MA0000041006;4100;ALPHA DYNAMIC FUND;RED MED ASSET MANAGEMENT;FCP;Actions;MASI;Hebdomadaire;FGP;Capitalisant;0.03;0.015;0.02;CREDIT DU MAROC
MA0000041014;4101;ALPHA INCOME FUND;RED MED ASSET MANAGEMENT;FCP;OMLT;MBI Moyen et Long Terme;Hebdomadaire;FGP;Capitalisant;0.03;0.015;0.012;CREDIT DU MAROC
MA0000041030;4103;DAR AD-DAMANE FUND;CDG CAPITAL GESTION;FCP;OMLT;100% MBI Global;Hebdomadaire;FNPP;Mixte;0.03;0.015;0.02;BCP
MA0000041048;4104;CDG SMALL & MID CAP;CDG CAPITAL GESTION;FCP;Actions;95% MASI Flottant;Hebdomadaire;FGP;Capitalisant;0.03;0.015;0.02;CDG Capital
MA0000041089;4108;FCP RMA DIVERSIFIE;RMA ASSET MANAGEMENT;FCP;Diversifié;50% MASI + 50% MBI (MLT);Hebdomadaire;FGP;Capitalisant;0.03;0.03;0.02;BMCE BANK
MA0000041097;4109;FCP RMA TRESO PLUS;RMA ASSET MANAGEMENT;FCP;Monétaire;100% TMP;Quotidienne;FGP;Capitalisant;0.0;0.0;0.01;BMCE BANK
MA0000041139;4113;FCP ATTIJARI GOLD;WAFA GESTION;FCP;Contractuel;-;Hebdomadaire;FGP;Capitalisant;0.02;0.015;0.02;ATTIJARIWAFA BANK
MA0000041154;4115;CDG OBLIG SECURITE;CDG CAPITAL GESTION;FCP;OCT;80% MBI CT et 20% MBI MT;Quotidienne;FNPP;Capitalisant;0.03;0.015;0.02;CDG Capital
MA0000041162;4116;AL BARID TRESORERIE;CDG CAPITAL GESTION;FCP;Monétaire;50% TMP + 50% MBI Court terme;Quotidienne;FGP;Capitalisant;0.03;0.015;0.02;CDG Capital
MA0000041170;4117;AL BARID ISTITMAR;CDG CAPITAL GESTION;FCP;OMLT;MBI MT;Hebdomadaire;FGP;Capitalisant;0.03;0.015;0.02;CDG Capital
MA0000041188;4118;SANAD PERFORMANCE;CDG CAPITAL GESTION;FCP;Diversifié;80% MBI Global + 20% MASI;Hebdomadaire;FNPP;Mixte;0.03;0.015;0.02;CDG Capital
MA0000041196;4119;CDG SERENITE;CDG CAPITAL GESTION;FCP;Monétaire;60% TMP + 40% MBI (CT);Quotidienne;FGP;Capitalisant;0.03;0.015;0.02;CDG Capital
MA0000041238;4123;RMA RENDEMENT CT;RMA ASSET MANAGEMENT;FCP;OCT;100% MBI CT;Quotidienne;FGP;Capitalisant;0.03;0.02;0.02;BMCE BANK
MA0000041246;4124;RMA RENDEMENT MT;RMA ASSET MANAGEMENT;FCP;OMLT;MBI MT;Hebdomadaire;FGP;Capitalisant;0.03;0.02;0.02;BMCE BANK
MA0000041253;4125;RMA CORPORATE BOND;RMA ASSET MANAGEMENT;FCP;OCT;100% MBI CT;Hebdomadaire;FGP;Capitalisant;0.03;0.02;0.02;BMCE BANK
MA0000041287;4128;SANAD SERENITY;UPLINE CAPITAL MANAGEMENT;FCP;OMLT;MBI Global;Hebdomadaire;FNPP;Mixte;0.03;0.015;0.02;BCP
MA0000041345;4134;WG HORIZON;WAFA GESTION;FCP;Diversifié;100% MBI CT;Hebdomadaire;FGP;Capitalisant;0.03;0.015;0.02;ATTIJARIWAFA BANK
MA0000041410;4141;IRGAM SECURIBANCAIRES;IRG ASSET MANAGEMENT;FCP;OMLT;100% MBI Global;Hebdomadaire;FGP;Capitalisant;0.03;0.015;0.02;BCP
MA0000041436;4143;CDM PROFIL DYNAMISME;WAFA GESTION;FCP;Actions;Masi (90%)+MBI (MLT) (10%);Hebdomadaire;FGP;Capitalisant;0.03;0.015;0.02;CREDIT DU MAROC
MA0000041444;4144;CDM PROFIL EQUILIBRE;WAFA GESTION;FCP;Diversifié;MBI (MLT) (60%)+Masi Rentabilite (40%);Hebdomadaire;FGP;Capitalisant;0.03;0.015;0.015;CREDIT DU MAROC
MA0000041451;4145;CDM PROFIL SERENITE;WAFA GESTION;FCP;OMLT;MBI  (95%)+Masi Rentabilite (5%);Hebdomadaire;FGP;Capitalisant;0.03;0.015;0.01;CREDIT DU MAROC
MA0000041477;4147;ATTIJARI DIVIDEND FUND;WAFA GESTION;FCP;Actions;100% MASI;Hebdomadaire;FGP;Distribuant;0.03;0.015;0.02;ATTIJARIWAFA BANK
MA0000041527;4152;CDG PERFORMANCE;CDG CAPITAL GESTION;FCP;Actions;MASI RB;Hebdomadaire;FNPP;Capitalisant;0.03;0.015;0.02;CDG Capital
MA0000041550;4155;ATTAKAFOUL;WAFA GESTION;FCP;Actions;-;Hebdomadaire;FNPP;Distribuant;0.0;0.0;0.015;ATTIJARIWAFA BANK
MA0000041568;4156;HORIZON DISTRIPERF;SOGECAPITAL GESTION;FCP;Diversifié;85% MBI MT + 15 % MASI;Hebdomadaire;FGP;Mixte;0.02;0.02;0.02;SOCIETE GENERALE
MA0000041576;4157;WG EPARGNE;WAFA GESTION;FCP;Diversifié;100% MBI CT;Hebdomadaire;FGP;Capitalisant;0.03;0.015;0.02;ATTIJARIWAFA BANK
MA0000041626;4162;FCP OBLIG PERENITE;CDG CAPITAL GESTION;FCP;OMLT;MBI MLT;Hebdomadaire;FGP;Capitalisant;0.03;0.015;0.02;CDG Capital
MA0000041634;4163;FCP OBLIGATIONS OPTIMUM;CDG CAPITAL GESTION;FCP;OMLT;MBI Global;Hebdomadaire;FNPP;Capitalisant;0.0;0.0;0.02;CDG Capital
MA0000041642;4164;FCP OBLIGATIONS DYNAMIQUE;CDG CAPITAL GESTION;FCP;OMLT;80% MBI MLT+20% MBI LT;Hebdomadaire;FGP;Capitalisant;0.03;0.015;0.02;CDG Capital
MA0000041659;4165;PRESCOLAIRE;SOGECAPITAL GESTION;FCP;OMLT;95% MBI MLT + 5% MASI Flottant;Hebdomadaire;FNPP;Capitalisant;0.03;0.03;0.02;SOCIETE GENERALE
MA0000041675;4167;SG OPTIMAL OBLIG;SOGECAPITAL GESTION;FCP;OMLT;MBI (Global);Hebdomadaire;FGP;Capitalisant;0.005;0.001;0.0075;SOCIETE GENERALE
MA0000041709;4170;SG EPARGNE PLUS ACTIONS;SOGECAPITAL GESTION;FCP;Actions;-;Hebdomadaire;FGP;Capitalisant;0.03;0.015;0.02;SOCIETE GENERALE
MA0000041725;4172;INVEST EQUILIBRE;SOGECAPITAL GESTION;FCP;Diversifié;80% MBI MT + 20% MASI;Hebdomadaire;FGP;Capitalisant;0.02;0.02;0.02;SOCIETE GENERALE
MA0000041733;4173;FCP HORIZON FLEXIBLE;SOGECAPITAL GESTION;FCP;Diversifié;20% MASI et 80% MBI Global;Hebdomadaire;FGP;Mixte;0.02;0.02;0.02;SOCIETE GENERALE
MA0000041758;4175;SG ACTIONS PLUS;SOGECAPITAL GESTION;FCP;Actions;Masi;Hebdomadaire;FGP;Capitalisant;0.02;0.015;0.02;SOCIETE GENERALE
MA0000041774;4177;WG EQUITY FUND;WAFA GESTION;FCP;Actions;100% MASI;Hebdomadaire;FNPP;Distribuant;0.0;0.0;0.02;ATTIJARIWAFA BANK
MA0000041782;4178;WG OPPORTUNITES;WAFA GESTION;FCP;Diversifié;80% MBI MT + 20% MASI Rentabilité Brut;Hebdomadaire;FNPP;capitalisant;0.03;0.015;0.02;ATTIJARIWAFA BANK
MA0000041824;4182;BMCI PREMIUM LONG TERM BOND;CIH CAPITAL MANAGEMENT;FCP;OMLT;MBI ;Hebdomadaire;FGP;Mixte;0.0;0.0;0.02;BMCI
MA0000041832;4183;BMCI PREMIUM MEDIUM TERM BOND;CIH CAPITAL MANAGEMENT;FCP;OMLT;MBI (MT);Hebdomadaire;FGP;Distribuant;0.0;0.0;0.02;BMCI
MA0000041857;4185;BMCI PREMIUM OPPORTUNITY I;CIH CAPITAL MANAGEMENT;FCP;Diversifié;50% MASI Rentabilite nette+50% MBI CT;Hebdomadaire;FGP;Capitalisant;0.002;0.009;0.02;BMCI
MA0000041865;4186;BMCI PREMIUM OPPORTUNITY II;CIH CAPITAL MANAGEMENT;FCP;Diversifié;50% MASI Rentabilite Nette et 50% MBI Court Terme;Hebdomadaire;FGP;Mixte;0.03;0.015;0.02;BMCI
MA0000041873;4187;BMCI PREMIUM EQUITY GROWTH;CIH CAPITAL MANAGEMENT;FCP;Actions;Masi;Hebdomadaire;FGP;Capitalisant;0.002;0.001;0.02;BMCI
MA0000041881;4188;BMCI PREMIUM EQUITY INCOME;CIH CAPITAL MANAGEMENT;FCP;Actions;Masi;Hebdomadaire;FGP;Distribuant;0.002;0.001;0.02;BMCI
MA0000041949;4194;HORIZON OBLIG TRESOR;SOGECAPITAL GESTION;FCP;OMLT;100% MBI Global;Hebdomadaire;FGP;Capitalisant;0.03;0.03;0.02;SOCIETE GENERALE
MA0000041956;4195;HORIZON MID & SMALL CAP;SOGECAPITAL GESTION;FCP;Actions;100% MASI;Hebdomadaire;FGP;Capitalisant;0.03;0.03;0.02;SOCIETE GENERALE
MA0000041980;4198;WINEO ACTIONS;WINEO GESTION;FCP;Actions;MASI;Hebdomadaire;FGP;Capitalisant;0.02;0.015;0.019;CIH
MA0000042004;4200;WINEO DELTA;WINEO GESTION;FCP;Diversifié;50% MBI MT + 50% MASI;Hebdomadaire;FGP;Mixte;0.03;0.03;0.02;CIH
MA0000042012;4201;WINEO OBLIG;WINEO GESTION;FCP;OMLT;MBI;Hebdomadaire;FGP;Capitalisant;0.005;0.0025;0.009;CIH
MA0000042038;4203;WINEO OBLIG SECURITE;WINEO GESTION;FCP;OMLT;MBI (MLT);Hebdomadaire;FGP;Capitalisant;0.03;0.03;0.02;CIH
MA0000042053;4205;ATLAS MONEBANQUES;ATLAS CAPITAL MANAGEMENT;FCP;Monétaire;MONIA;Quotidienne;FGP;Capitalisant;0.03;0.03;0.02;CIH
MA0000042061;4206;ATLAS OBLIGBANCAIRES;ATLAS CAPITAL MANAGEMENT;FCP;OCT;MBI CT;Quotidienne;FGP;Capitalisant;0.03;0.03;0.02;CIH
MA0000042079;4207;ATLAS PERENNITE;ATLAS CAPITAL MANAGEMENT;FCP;OMLT;50% MBI MT + 50%MBI MLT;Hebdomadaire;FGP;Capitalisant;0.03;0.03;0.02;CIH
MA0000042087;4208;ATLAS CROISSANCE;ATLAS CAPITAL MANAGEMENT;FCP;Diversifié;50% MASI + 50% MBI;Hebdomadaire;FGP;Capitalisant;0.03;0.03;0.02;CIH
MA0000042095;4209;ATLAS OPTIMISATION;ATLAS CAPITAL MANAGEMENT;FCP;Actions;MASI Rentabilité Net;Hebdomadaire;FGP;Capitalisant;0.03;0.015;0.02;CIH
MA0000042103;4210;AL IJTIMAI PROTECTION;ATLAS CAPITAL MANAGEMENT;FCP;OMLT;MBI (Global);Hebdomadaire;FNPP;Capitalisant;0.03;0.015;0.02;CDG
MA0000042137;4213;ATTIJARI VALEURS ESG;WAFA GESTION;FCP;Actions;ESG 10 Index,;Hebdomadaire;FGP;capitalisant;0.02;0.02;0.02;ATTIJARIWAFA BANK
MA0000042194;4219;PATRIMOINE CROISSANCE;WAFA GESTION;FCP;Diversifié;25% MASI Rentabilité Brut + 75% MBI MLT;Hebdomadaire;FGP;Mixte;0.03;0.015;0.02;ATTIJARIWAFA BANK 
MA0000042244;4224;FSEC II OMLT;CDG CAPITAL GESTION;FCP;OMLT;85% MBI MT et 15% MBI MLT;Hebdomadaire;FNPP;Capitalisant;0.0;0.0;0.02;CDG
MA0000042251;4225;WG SERENITE;WAFA GESTION;FCP;Diversifié;40% MASI RB + 60% MBI MT;Hebdomadaire;FGP;Mixte;0.002;0.001;0.02;ATTIJARIWAFA BANK
MA0000042269;4226;WG BALANCED;WAFA GESTION;FCP;Diversifié;50% MASI RB + 50% MBI MT;Hebdomadaire;FGP;Mixte;0.0;0.0;0.02;ATTIJARIWAFA BANK
MA0000042277;4227;WG PERFORMANCE;WAFA GESTION;FCP;Diversifié;15% MASI + 85% MBI MT;Hebdomadaire;FGP;Capitalisant;0.0;0.0;0.02;ATTIJARIWAFA BANK
MA0000042285;4228;FCP HORIZON AVENIR;SOGECAPITAL GESTION;FCP;OMLT;100% MBI Global;Hebdomadaire;FGP;Mixte;0.03;0.03;0.02;SOCIETE GENERALE
MA0000042293;4229;WG ACTIONS;WAFA GESTION;FCP;Actions;100% MASI RB;Hebdomadaire;FNPP;Mixte;0.0;0.0;0.02;ATTIJARIWAFA BANK
MA0000042301;4230;PATRIMOINE MULTIVALEURS;WAFA GESTION;FCP;Actions;85% MASI RB + 15% MBI MT;Hebdomadaire;FNPP;Mixte;0.002;0.001;0.02;ATTIJARIWAFA BANK
MA0000042319;4231;WG LOW VOLATILITY FACTOR FUND;WAFA GESTION;FCP;Actions;100% MASI;Hebdomadaire;FGP;Capitalisant;0.02;0.02;0.015;ATTIJARIWAFA BANK 
MA0000042327;4232;WG VALUE FACTOR FUND;WAFA GESTION;FCP;Actions;100% MASI;Hebdomadaire;FGP;Capitalisant;0.02;0.02;0.015;ATTIJARIWAFA BANK 
MA0000042335;4233;WG MOMENTUM FACTOR FUND;WAFA GESTION;FCP;Actions;100% MASI;Hebdomadaire;FGP;Capitalisant;0.02;0.02;0.015;ATTIJARIWAFA BANK 
MA0000042343;4234;FCP HORIZON EQUITY VALUE;SOGECAPITAL GESTION;FCP;Actions;100% MASI;Hebdomadaire;FGP;Capitalisant;0.02;0.02;0.02;SOCIETE GENERALE
MA0000042350;4235;CKG ACTIONS IDIKHAR;CDG CAPITAL GESTION;FCP;Actions;100% MASI;Hebdomadaire;FGP;Capitalisant;0.03;0.015;0.02;CDG
MA0000042376;4237;WG FRUCTI PATRIMOINE;WAFA GESTION;FCP;Diversifié;20% MASI RB + 80% MBI GLOBAL;Hebdomadaire;FNPP;Mixte;0.0;0.0;0.02;ATTIJARIWAFA BANK
MA0000042384;4238;OBLIFUTUR;WAFA GESTION;FCP;OMLT;]1,1 5];Hebdomadaire;FNPP;Capitalisant;0.0;0.0;0.02;ATTIJARIWAFA BANK
MA0000042400;4240;CAP SECURICOURT;WAFA GESTION;FCP;OMLT;40% MBI MT + 60% MBI MLT;Hebdomadaire;FNPP;Capitalisant;0.0;0.0;0.02;ATTIJARIWAFA BANK
MA0000042426;4242;CIH ACTIONS;CIH CAPITAL MANAGEMENT;FCP;Actions;Masi;Hebdomadaire;FGP;Capitalisant;0.03;0.015;0.02;CIH
MA0000042442;4244;CIH EPARGNE;CIH CAPITAL MANAGEMENT;FCP;Diversifié;MBI (Global) (60%)+Masi (40%);Hebdomadaire;FGP;Capitalisant;0.03;0.015;0.02;CIH
MA0000042467;4246;CIH OBLIGATIONS;CIH CAPITAL MANAGEMENT;FCP;OMLT;MBI (Global) ;Hebdomadaire;FGP;Capitalisant;0.03;0.015;0.02;CIH
MA0000042475;4247;CIH PATRIMOINE;CIH CAPITAL MANAGEMENT;FCP;Diversifié;MBI (Global) (80%)+Masi (20%);Hebdomadaire;FGP;Capitalisant;0.03;0.015;0.02;CIH
MA0000042491;4249;WINEO OCT PLUS;WINEO GESTION;FCP;OCT;100% MBI CT;Quotidienne;FGP;Capitalisant;0.0;0.0;0.02;ATTIJARIWAFA BANK
MA0000042517;4251;WINEO DIVIDENDES ET CROISSANCE;WINEO GESTION;FCP;Actions;100% MASI;Hebdomadaire;FGP;Distribuant;0.02;0.015;0.02;ATTIJARIWAFA BANK
